球员,赛季,球队,出场,首发,时间,投篮,命中,出手,三分,三分命中,三分出手,罚球,罚球命中,罚球出手,篮板,前场,后场,助攻,抢断,盖帽,失误,犯规,得分,胜,负
斯蒂芬-库里,15-16,勇士,79,79,34.2,0.504,10.2,20.2,0.454,5.1,11.2,0.908,4.6,5.1,5.4,0.9,4.6,6.7,2.1,0.2,3.3,2.0,30.1,71,8
詹姆斯-哈登,15-16,火箭,82,82,38.1,0.439,8.7,19.7,0.359,2.9,8.0,0.86,8.8,10.2,6.1,0.8,5.3,7.5,1.7,0.6,4.6,2.8,29.0,41,41
凯文-杜兰特,15-16,雷霆,72,72,35.8,0.505,9.7,19.2,0.387,2.6,6.7,0.898,6.2,6.9,8.2,0.6,7.6,5.0,1.0,1.2,3.5,1.9,28.2,52,20
德马库斯-考辛斯,15-16,国王,65,65,34.5,0.451,9.2,20.5,0.333,1.1,3.2,0.718,7.3,10.2,11.5,2.4,9.1,3.3,1.6,1.4,3.8,3.6,26.9,29,36
勒布朗-詹姆斯,15-16,骑士,76,76,35.7,0.52,9.7,18.6,0.309,1.1,3.7,0.731,4.7,6.5,7.4,1.5,6.0,6.8,1.4,0.6,3.3,1.9,25.3,56,20
达米安-利拉德,15-16,开拓者,75,75,35.6,0.419,8.2,19.7,0.375,3.1,8.1,0.892,5.5,6.2,4.0,0.6,3.4,6.8,0.9,0.4,3.2,2.2,25.1,40,35
安东尼-戴维斯,15-16,鹈鹕,61,61,35.4,0.493,9.2,18.6,0.324,0.6,1.8,0.758,5.3,7.0,10.3,2.1,8.1,1.9,1.3,2.0,2.0,2.4,24.3,24,37
拉塞尔-威斯布鲁克,15-16,雷霆,80,80,34.4,0.454,8.2,18.1,0.296,1.3,4.3,0.812,5.8,7.2,7.8,1.8,6.0,10.4,2.0,0.3,4.3,2.5,23.5,55,25
德玛尔-德罗赞,15-16,猛龙,78,78,35.9,0.446,7.9,17.7,0.338,0.6,1.8,0.85,7.1,8.4,4.5,0.8,3.7,4.0,1.0,0.3,2.2,2.1,23.5,53,25
保罗-乔治,15-16,步行者,81,81,34.9,0.418,7.5,17.9,0.371,2.6,7.0,0.86,5.6,6.5,7.0,1.0,6.0,4.1,1.9,0.4,3.3,2.8,23.1,44,37
以赛亚-托马斯,15-16,凯尔特,82,79,32.3,0.428,7.2,16.9,0.359,2.0,5.7,0.871,5.8,6.6,3.0,0.6,2.4,6.2,1.1,0.1,2.7,2.0,22.2,48,34
克莱-汤普森,15-16,勇士,80,80,33.3,0.47,8.1,17.3,0.425,3.5,8.1,0.873,2.4,2.8,3.8,0.4,3.4,2.1,0.8,0.6,1.7,1.9,22.1,71,9
卡梅罗-安东尼,15-16,尼克斯,72,72,35.1,0.434,7.9,18.2,0.339,1.5,4.3,0.829,4.6,5.6,7.7,1.4,6.4,4.2,0.9,0.5,2.4,2.5,21.8,32,40
布雷克-格里芬,15-16,快船,35,35,33.5,0.499,8.6,17.2,0.333,0.2,0.5,0.727,4.0,5.5,8.4,1.5,6.9,4.9,0.8,0.5,2.4,2.7,21.4,22,13
凯尔-洛瑞,15-16,猛龙,77,77,37.1,0.427,6.6,15.6,0.388,2.8,7.1,0.811,5.2,6.4,4.7,0.7,4.0,6.4,2.1,0.4,2.9,2.7,21.2,54,23
科怀-伦纳德,15-16,马刺,72,72,33.1,0.506,7.7,15.1,0.443,1.8,4.0,0.874,4.1,4.6,6.8,1.3,5.5,2.6,1.8,1.0,1.5,1.8,21.2,60,12
吉米-巴特勒,15-16,公牛,67,67,36.9,0.454,7.0,15.4,0.312,1.0,3.1,0.832,5.9,7.1,5.3,1.2,4.2,4.8,1.6,0.6,2.0,1.9,20.9,37,30
肯巴-沃克,15-16,黄蜂,81,81,35.6,0.427,7.0,16.4,0.371,2.2,6.0,0.847,4.6,5.4,4.4,0.7,3.7,5.2,1.6,0.5,2.1,1.4,20.9,47,34
C.J.迈克鲁姆,15-16,开拓者,80,80,34.7,0.448,8.0,17.9,0.417,2.5,5.9,0.827,2.3,2.8,3.2,0.6,2.7,4.3,1.2,0.3,2.5,2.3,20.8,44,36
安德鲁-威金斯,15-16,森林狼,81,81,35.1,0.459,7.3,16.0,0.3,0.7,2.3,0.761,5.3,7.0,3.6,1.3,2.3,2.0,1.0,0.6,2.2,2.0,20.7,29,52
布鲁克-洛佩斯,15-16,篮网,73,73,33.7,0.511,8.1,15.8,0.143,0.0,0.2,0.787,4.3,5.5,7.8,2.8,5.1,2.0,0.8,1.7,2.4,2.9,20.6,21,52
埃里克-布莱索,15-16,太阳,31,31,34.1,0.453,7.2,15.9,0.372,1.5,4.2,0.802,4.5,5.5,4.0,0.6,3.5,6.1,2.0,0.6,3.5,2.4,20.4,12,19
约翰-沃尔,15-16,奇才,77,77,36.1,0.424,7.4,17.5,0.351,1.5,4.3,0.791,3.5,4.5,4.9,0.5,4.4,10.2,1.9,0.8,4.1,2.1,19.9,37,40
戈登-海沃德,15-16,爵士,80,80,36.1,0.433,6.5,15.0,0.349,1.8,5.1,0.824,4.9,6.0,5.0,0.8,4.2,3.7,1.2,0.3,2.5,2.3,19.7,38,42
凯里-欧文,15-16,骑士,53,53,31.4,0.448,7.4,16.6,0.321,1.6,4.9,0.885,3.2,3.6,3.0,0.8,2.1,4.7,1.1,0.3,2.3,2.0,19.6,37,16
布兰登-奈特,15-16,太阳,52,50,36.0,0.415,7.1,17.2,0.342,2.3,6.8,0.852,3.0,3.5,3.9,0.7,3.2,5.1,1.2,0.4,3.4,2.4,19.6,16,36
达尼罗-加里纳利,15-16,掘金,53,53,34.7,0.41,5.4,13.2,0.364,1.6,4.5,0.868,7.1,8.2,5.3,1.0,4.3,2.5,0.8,0.4,1.5,1.6,19.5,22,31
克里斯-保罗,15-16,快船,74,74,32.8,0.462,7.0,15.1,0.371,1.6,4.4,0.896,4.0,4.4,4.2,0.5,3.7,10.0,2.1,0.2,2.6,2.5,19.5,50,24
克里斯-波什,15-16,热火,53,53,33.5,0.467,6.8,14.5,0.365,1.5,4.2,0.795,4.0,5.1,7.4,0.9,6.5,2.4,0.7,0.6,1.5,1.9,19.1,29,24
德维恩-韦德,15-16,热火,74,73,30.5,0.456,7.3,16.0,0.159,0.1,0.6,0.793,4.4,5.5,4.1,1.1,3.0,4.6,1.1,0.6,2.7,1.6,19.0,43,31
雷吉-杰克逊,15-16,活塞,79,79,30.7,0.434,6.8,15.7,0.353,1.5,4.2,0.864,3.7,4.3,3.2,0.7,2.5,6.2,0.7,0.1,2.8,2.4,18.8,43,36
卡尔-安东尼-唐斯,15-16,森林狼,82,82,32.0,0.542,7.6,14.1,0.341,0.4,1.1,0.811,2.7,3.4,10.5,2.8,7.7,2.0,0.7,1.7,2.2,3.0,18.3,29,53
德克-诺维茨基,15-16,独行侠,75,75,31.5,0.448,6.6,14.8,0.368,1.7,4.6,0.893,3.3,3.7,6.5,0.7,5.8,1.8,0.7,0.7,1.1,2.1,18.3,38,37
尼古拉-武切维奇,15-16,魔术,65,60,31.4,0.51,8.2,16.1,0.222,0.0,0.1,0.753,1.7,2.3,8.9,2.7,6.2,2.8,0.8,1.1,1.9,2.7,18.2,28,37
克里斯-米德尔顿,15-16,雄鹿,79,79,36.1,0.444,6.4,14.5,0.396,1.8,4.6,0.888,3.5,3.9,3.8,0.6,3.3,4.2,1.7,0.2,2.3,2.6,18.2,33,46
拉玛库斯-阿尔德里奇,15-16,马刺,74,74,30.5,0.513,7.2,14.1,0.0,0.0,0.2,0.858,3.5,4.1,8.5,2.4,6.2,1.5,0.5,1.1,1.3,2.0,18.0,61,13
科比-布莱恩特,15-16,湖人,66,66,28.2,0.358,6.0,16.9,0.285,2.0,7.1,0.826,3.5,4.3,3.7,0.6,3.1,2.8,0.9,0.2,2.0,1.7,17.6,13,53
贾希尔-奥卡福,15-16,76人,53,48,30.1,0.508,7.5,14.7,0.167,0.0,0.1,0.686,2.5,3.7,7.0,2.3,4.7,1.2,0.4,1.2,2.3,2.6,17.5,6,47
布拉德利-比尔,15-16,奇才,55,35,31.1,0.449,6.5,14.5,0.387,1.9,4.9,0.767,2.5,3.2,3.4,0.7,2.7,2.9,1.0,0.2,2.0,2.1,17.4,28,27
鲁迪-盖伊,15-16,国王,70,70,34.0,0.463,6.7,14.4,0.344,1.1,3.1,0.78,2.8,3.6,6.5,1.5,5.0,1.7,1.4,0.7,2.0,2.6,17.2,29,41
保罗-米尔萨普,15-16,老鹰,81,81,32.6,0.47,6.2,13.2,0.319,0.9,2.9,0.757,3.8,5.0,9.0,2.4,6.6,3.3,1.8,1.7,2.4,2.9,17.1,48,33
莱恩-安德森,15-16,鹈鹕,66,7,30.5,0.427,6.0,14.1,0.366,2.0,5.4,0.873,3.0,3.5,6.0,2.0,4.0,1.1,0.6,0.4,1.4,1.7,17.0,24,42
扬尼斯-阿德托昆博,15-16,雄鹿,80,79,35.3,0.506,6.4,12.7,0.257,0.4,1.4,0.724,3.7,5.1,7.7,1.4,6.2,4.3,1.2,1.4,2.6,3.2,16.9,32,48
朱-霍勒迪,15-16,鹈鹕,65,23,28.1,0.439,6.3,14.4,0.336,1.3,4.0,0.843,2.8,3.3,3.0,0.4,2.6,6.0,1.4,0.3,2.6,2.3,16.8,27,38
马克-加索尔,15-16,灰熊,52,52,34.5,0.464,6.3,13.6,0.667,0.0,0.1,0.829,3.9,4.7,7.0,1.1,5.8,3.8,1.0,1.3,2.3,2.7,16.6,30,22
保罗-加索尔,15-16,公牛,72,72,31.9,0.469,6.5,13.8,0.348,0.3,1.0,0.792,3.2,4.0,11.0,2.2,8.9,4.1,0.6,2.0,2.3,2.1,16.5,36,36
德里克-费弗斯,15-16,爵士,62,59,32.0,0.515,6.7,13.1,0.0,0.0,0.1,0.709,2.9,4.1,8.1,2.7,5.4,1.5,1.2,1.5,1.7,2.4,16.4,30,32
德里克-罗斯,15-16,公牛,66,66,31.7,0.427,6.8,15.9,0.293,0.7,2.3,0.793,2.2,2.7,3.4,0.7,2.7,4.7,0.7,0.2,2.7,1.3,16.4,32,34
J.J.雷迪克,15-16,快船,75,75,27.9,0.48,5.6,11.7,0.475,2.7,5.6,0.888,2.4,2.7,1.9,0.1,1.7,1.4,0.6,0.1,1.0,1.8,16.3,50,25
安德烈-德拉蒙德,15-16,活塞,81,81,32.9,0.521,6.8,13.1,0.333,0.0,0.1,0.355,2.6,7.2,14.8,4.9,9.9,0.8,1.5,1.4,1.9,3.0,16.2,43,38
凯文-乐福,15-16,骑士,77,77,31.5,0.419,5.3,12.7,0.36,2.1,5.7,0.822,3.4,4.1,9.9,1.9,8.0,2.4,0.8,0.5,1.8,2.1,16.0,53,24
维克多-奥拉迪波,15-16,魔术,72,52,33.1,0.438,5.9,13.5,0.348,1.4,3.9,0.83,2.8,3.4,4.8,0.7,4.1,3.9,1.6,0.8,2.1,2.4,16.0,32,40
杰夫-蒂格,15-16,老鹰,79,78,28.5,0.439,5.5,12.5,0.401,1.4,3.5,0.837,3.3,3.9,2.7,0.4,2.3,5.9,1.2,0.3,2.8,2.1,15.7,47,32
乔丹-克拉克森,15-16,湖人,79,79,32.4,0.433,6.0,13.9,0.347,1.4,4.1,0.804,2.1,2.6,4.0,1.2,2.8,2.4,1.1,0.1,1.7,2.1,15.5,17,62
埃文-富尼耶,15-16,魔术,79,71,32.5,0.462,5.4,11.8,0.4,2.0,4.9,0.836,2.5,3.0,2.8,0.4,2.4,2.7,1.2,0.0,1.7,2.7,15.4,33,46
路易斯-威廉姆斯,15-16,湖人,67,35,28.5,0.408,4.2,10.3,0.344,1.6,4.8,0.83,5.3,6.3,2.5,0.5,2.1,2.5,0.9,0.3,1.6,1.6,15.3,14,53
格雷格-门罗,15-16,雄鹿,79,67,29.3,0.522,6.2,11.9,0.0,0.0,0.0,0.74,2.9,3.9,8.8,2.8,6.1,2.3,0.9,0.8,1.6,2.1,15.3,32,47
迈克-康利,15-16,灰熊,56,56,31.3,0.422,5.3,12.4,0.363,1.4,3.8,0.834,3.4,4.1,2.9,0.5,2.5,6.1,1.2,0.3,1.5,1.8,15.3,33,23
扎克-兰多夫,15-16,灰熊,68,53,29.7,0.475,6.3,13.3,0.231,0.1,0.4,0.796,2.5,3.2,7.8,2.6,5.1,2.1,0.6,0.2,1.5,2.1,15.3,37,31
埃里克-戈登,15-16,鹈鹕,45,44,32.9,0.418,5.1,12.3,0.384,2.5,6.5,0.888,2.5,2.8,2.2,0.2,2.0,2.7,1.0,0.3,1.6,2.2,15.2,14,31
艾尔-霍福德,15-16,老鹰,82,82,32.2,0.505,6.5,12.8,0.344,1.1,3.1,0.798,1.3,1.6,7.3,1.8,5.5,3.2,0.8,1.5,1.3,2.0,15.2,48,34
艾弗里-布拉德利,15-16,凯尔特,76,72,33.4,0.447,6.0,13.4,0.361,1.9,5.4,0.78,1.3,1.6,2.9,0.6,2.3,2.1,1.5,0.3,1.4,2.2,15.2,45,31
泰瑞克-埃文斯,15-16,鹈鹕,25,25,30.6,0.433,5.4,12.6,0.388,1.3,3.4,0.796,3.0,3.7,5.2,0.8,4.4,6.6,1.3,0.3,2.9,2.6,15.2,11,14
赛迪斯-杨,15-16,篮网,73,73,33.1,0.514,6.8,13.2,0.233,0.1,0.4,0.644,1.4,2.2,9.0,2.4,6.6,1.9,1.5,0.5,1.9,2.5,15.1,21,52
尼古拉斯-巴通姆,15-16,黄蜂,70,70,35.0,0.426,5.3,12.5,0.348,2.0,5.7,0.849,2.3,2.7,6.1,0.8,5.3,5.8,0.9,0.6,2.9,1.6,14.9,41,29
托比亚斯-哈里斯,15-16,-1,76,74,33.1,0.469,5.5,11.7,0.335,1.1,3.1,0.831,2.7,3.2,6.7,1.3,5.4,2.2,0.9,0.5,1.4,2.0,14.7,37,39
罗德尼-胡德,15-16,爵士,79,79,32.2,0.42,5.2,12.3,0.359,2.0,5.7,0.86,2.2,2.5,3.4,0.5,2.9,2.7,0.9,0.2,1.6,2.6,14.5,39,40
肯塔维奥斯-卡德维尔-波普,15-16,活塞,76,76,36.7,0.42,5.3,12.6,0.309,1.5,4.9,0.811,2.4,3.0,3.7,0.9,2.8,1.8,1.4,0.2,1.4,2.2,14.5,41,35
威尔-巴顿,15-16,掘金,82,1,28.7,0.432,5.2,12.0,0.345,1.4,4.0,0.806,2.6,3.3,5.8,0.7,5.1,2.5,0.9,0.5,1.7,1.8,14.4,33,49
克里斯塔普斯-波尔津吉斯,15-16,尼克斯,72,72,28.5,0.421,5.2,12.3,0.333,1.1,3.4,0.838,2.8,3.3,7.3,1.8,5.5,1.3,0.7,1.9,1.7,2.8,14.3,28,44
哈桑-怀特塞德,15-16,热火,73,43,29.1,0.606,5.7,9.3,-0.01,0.0,0.0,0.65,2.9,4.5,11.8,3.3,8.6,0.4,0.6,3.7,1.9,2.8,14.2,42,31
杰-克劳德,15-16,凯尔特,73,73,31.6,0.443,4.9,11.1,0.336,1.7,5.0,0.82,2.7,3.3,5.1,1.0,4.2,1.8,1.7,0.5,1.1,2.7,14.2,43,30
贾马尔-克劳福德,15-16,快船,79,5,26.9,0.404,4.8,11.9,0.34,1.5,4.4,0.904,3.1,3.4,1.8,0.3,1.6,2.3,0.7,0.2,1.4,1.5,14.2,51,28
戈兰-德拉季奇,15-16,热火,72,72,32.8,0.477,5.8,12.2,0.312,0.9,2.8,0.727,1.7,2.3,3.8,0.8,3.1,5.8,1.0,0.2,2.6,2.6,14.1,44,28
马库斯-莫里斯,15-16,活塞,80,80,35.7,0.434,5.1,11.8,0.362,1.4,3.7,0.749,2.5,3.4,5.1,1.1,3.9,2.5,0.8,0.3,1.8,2.1,14.1,42,38
德隆-威廉姆斯,15-16,独行侠,65,63,32.4,0.414,4.9,11.9,0.344,1.5,4.3,0.869,2.8,3.2,2.9,0.3,2.6,5.8,0.9,0.2,2.3,2.4,14.1,31,34
贾巴里-帕克,15-16,雄鹿,76,72,31.7,0.493,5.8,11.8,0.257,0.1,0.5,0.768,2.3,3.0,5.2,1.6,3.6,1.7,0.9,0.4,1.5,2.0,14.1,32,44
扎克-拉文,15-16,森林狼,82,33,28.0,0.452,5.3,11.7,0.389,1.5,3.9,0.793,2.0,2.5,2.8,0.3,2.5,3.1,0.8,0.2,1.9,2.4,14.0,29,53
达伦-科里森,15-16,国王,74,15,29.9,0.486,5.1,10.5,0.401,1.2,2.9,0.858,2.6,3.1,2.3,0.4,1.9,4.3,1.0,0.1,1.8,1.9,14.0,29,45
德雷蒙德-格林,15-16,勇士,81,81,34.7,0.49,5.0,10.1,0.388,1.2,3.2,0.696,2.8,4.1,9.5,1.7,7.8,7.4,1.5,1.4,3.2,3.0,14.0,73,8
蒙塔-艾利斯,15-16,步行者,81,81,33.7,0.427,5.4,12.6,0.309,1.1,3.5,0.786,2.0,2.5,3.3,0.5,2.8,4.7,1.9,0.5,2.5,2.1,13.8,44,37
德文-布克,15-16,太阳,76,51,27.8,0.423,4.8,11.4,0.343,1.3,3.8,0.84,2.8,3.4,2.5,0.4,2.1,2.6,0.6,0.3,2.1,3.0,13.8,20,56
德怀特-霍华德,15-16,火箭,71,71,32.1,0.62,5.2,8.5,0.0,0.0,0.1,0.489,3.3,6.7,11.8,3.4,8.4,1.4,1.0,1.6,2.3,3.1,13.7,34,37
钱德勒-帕森斯,15-16,独行侠,61,51,29.5,0.492,5.2,10.7,0.414,1.7,4.1,0.684,1.5,2.2,4.7,0.5,4.2,2.8,0.8,0.3,1.6,1.9,13.7,29,32
马尔钦-戈塔特,15-16,奇才,75,74,30.1,0.567,5.8,10.2,0.0,0.0,0.0,0.705,1.9,2.8,9.9,3.0,6.9,1.4,0.6,1.3,1.6,2.6,13.5,35,40
亚历克-伯克斯,15-16,爵士,31,3,25.7,0.41,4.4,10.8,0.405,1.0,2.5,0.752,3.4,4.5,3.5,0.5,3.0,2.0,0.6,0.1,1.6,2.3,13.3,13,18
德安吉洛-拉塞尔,15-16,湖人,80,48,28.2,0.41,4.9,12.0,0.351,1.6,4.6,0.737,1.8,2.4,3.4,0.6,2.8,3.3,1.2,0.2,2.5,1.8,13.2,17,63
贾莱特-杰克,15-16,篮网,32,32,32.1,0.391,4.4,11.2,0.304,1.0,3.2,0.893,3.1,3.5,4.3,0.3,4.0,7.4,1.1,0.2,2.9,2.4,12.8,10,22
伊曼纽尔-穆迪埃,15-16,掘金,68,66,30.4,0.364,4.8,13.3,0.319,1.1,3.4,0.67,2.1,3.1,3.4,0.5,2.9,5.5,1.0,0.5,3.2,2.1,12.8,29,39
罗波特-考文顿,15-16,76人,67,49,28.4,0.385,4.1,10.6,0.353,2.5,7.2,0.791,2.1,2.6,6.3,1.0,5.3,1.4,1.6,0.6,2.1,3.5,12.8,10,57
阿隆-阿弗拉罗,15-16,尼克斯,71,57,33.2,0.443,5.0,11.3,0.382,1.3,3.4,0.84,1.5,1.8,3.7,0.3,3.4,2.0,0.4,0.1,1.2,2.0,12.8,27,44
约纳斯-瓦兰丘纳斯,15-16,猛龙,60,59,26.0,0.565,5.1,8.9,-0.01,0.0,0.0,0.761,2.7,3.6,9.1,3.1,6.1,0.7,0.4,1.3,1.4,2.6,12.8,40,20
迈克尔-比斯利,15-16,火箭,20,0,18.0,0.522,5.4,10.3,0.333,0.2,0.5,0.776,1.9,2.5,4.9,1.5,3.5,0.8,0.6,0.5,1.2,2.0,12.8,10,10
德安德鲁-乔丹,15-16,快船,77,77,33.8,0.703,4.6,6.6,0.0,0.0,0.0,0.43,3.5,8.0,13.8,3.5,10.3,1.2,0.7,2.3,1.4,2.7,12.7,51,26
埃内斯-坎特,15-16,雷霆,82,1,21.0,0.576,5.0,8.8,0.476,0.1,0.3,0.797,2.4,3.1,8.1,3.0,5.1,0.4,0.3,0.4,1.4,2.0,12.7,55,27
特雷沃-阿里扎,15-16,火箭,81,81,35.3,0.416,4.4,10.6,0.371,2.3,6.2,0.783,1.6,2.0,4.5,0.8,3.7,2.3,2.0,0.3,1.4,2.2,12.7,40,41
伊斯梅尔-史密斯,15-16,-1,77,53,29.1,0.411,5.2,12.6,0.329,0.7,2.2,0.693,1.6,2.3,4.0,0.6,3.4,6.5,1.1,0.3,2.3,1.7,12.6,16,61
赛尔吉-伊巴卡,15-16,雷霆,78,78,32.1,0.479,5.3,11.1,0.326,0.8,2.4,0.752,1.2,1.6,6.8,1.8,5.0,0.8,0.5,1.9,1.4,2.7,12.6,54,24
韦斯利-马修斯,15-16,独行侠,78,78,33.9,0.388,4.2,10.9,0.36,2.4,6.7,0.863,1.6,1.9,3.1,0.3,2.7,1.9,1.0,0.2,1.0,2.3,12.5,40,38
肯尼思-法里德,15-16,掘金,67,64,25.3,0.558,5.2,9.3,0.5,0.0,0.0,0.613,2.0,3.3,8.7,3.5,5.2,1.2,0.5,0.9,1.4,2.5,12.5,26,41
J.R.史密斯,15-16,骑士,77,77,30.7,0.415,4.6,11.0,0.4,2.6,6.6,0.634,0.6,0.9,2.8,0.6,2.3,1.7,1.1,0.3,0.8,2.6,12.4,53,24
洛尔-邓,15-16,热火,74,73,32.4,0.455,4.6,10.1,0.344,1.2,3.5,0.755,2.0,2.6,6.0,1.5,4.5,1.9,1.0,0.4,1.1,1.6,12.3,45,29
加里-哈里斯,15-16,掘金,76,76,32.1,0.469,4.7,10.1,0.354,1.4,3.9,0.82,1.4,1.8,2.9,0.7,2.2,1.9,1.3,0.2,1.3,1.9,12.3,31,45
乔-约翰逊,15-16,-1,81,81,33.4,0.439,4.7,10.6,0.383,1.5,3.9,0.831,1.5,1.8,3.6,0.6,3.0,3.9,0.8,0.0,2.0,1.8,12.2,31,50
米尔扎-泰利托维奇,15-16,太阳,79,1,21.3,0.427,4.2,9.8,0.393,2.3,5.8,0.774,1.5,2.0,3.8,0.7,3.1,1.1,0.4,0.3,1.1,2.0,12.2,23,56
乔治-希尔,15-16,步行者,74,73,34.1,0.441,4.4,10.0,0.408,1.7,4.2,0.76,1.5,2.0,4.0,0.8,3.2,3.5,1.1,0.2,1.4,2.0,12.1,41,33
艾尔-杰弗森,15-16,黄蜂,47,18,23.3,0.485,5.2,10.7,-0.01,0.0,0.0,0.649,1.5,2.4,6.4,1.2,5.2,1.5,0.6,0.9,0.7,2.5,12.0,33,14
马基夫-莫里斯,15-16,-1,64,45,25.5,0.425,4.8,11.2,0.303,0.7,2.4,0.735,1.7,2.3,5.5,1.1,4.4,1.9,0.9,0.5,2.1,2.9,12.0,22,42
拉简-朗多,15-16,国王,72,72,35.2,0.454,4.9,10.9,0.365,0.9,2.4,0.58,1.2,2.1,6.0,1.1,5.0,11.7,2.0,0.1,3.9,2.4,11.9,29,43
托尼-帕克,15-16,马刺,72,72,27.5,0.493,4.9,9.9,0.415,0.4,0.9,0.76,1.8,2.4,2.4,0.2,2.2,5.3,0.8,0.2,1.8,1.6,11.9,59,13
欧米-卡斯比,15-16,国王,69,21,27.3,0.481,4.3,9.0,0.409,1.6,4.0,0.648,1.5,2.3,5.9,0.8,5.1,1.4,0.8,0.2,1.4,2.2,11.8,27,42
尼古拉-米罗蒂奇,15-16,公牛,66,38,25.0,0.407,3.8,9.2,0.39,2.0,5.2,0.807,2.2,2.7,5.5,0.9,4.6,1.5,0.9,0.7,1.5,2.3,11.8,37,29
C.J. Miles,15-16,步行者,64,24,22.9,0.409,4.0,9.9,0.367,2.2,6.0,0.75,1.5,1.9,2.7,0.4,2.3,1.0,0.8,0.5,1.1,2.2,11.8,34,30
杰夫-格林,15-16,-1,80,41,28.2,0.43,4.4,10.3,0.315,0.8,2.7,0.745,2.1,2.8,4.2,0.9,3.2,1.7,0.7,0.5,1.2,2.1,11.7,48,32
哈里森-巴恩斯,15-16,勇士,66,59,31.0,0.466,4.5,9.6,0.383,1.2,3.2,0.761,1.5,2.0,4.9,1.2,3.8,1.8,0.6,0.2,0.9,2.1,11.7,59,7
林书豪,15-16,黄蜂,78,13,26.2,0.412,3.8,9.3,0.336,1.0,2.9,0.815,3.1,3.7,3.2,0.5,2.7,3.0,0.7,0.5,1.9,2.1,11.7,47,31
马文-威廉姆斯,15-16,黄蜂,81,81,28.9,0.452,4.2,9.2,0.402,1.9,4.7,0.833,1.5,1.8,6.4,1.6,4.9,1.4,0.7,1.0,0.8,1.6,11.7,47,34
肯特-贝兹莫尔,15-16,老鹰,75,68,27.7,0.441,4.3,9.7,0.357,1.5,4.1,0.815,1.6,2.0,5.1,0.4,4.7,2.3,1.3,0.5,1.8,2.3,11.6,44,31
奥托-波特,15-16,奇才,75,73,30.3,0.473,4.5,9.6,0.367,1.3,3.6,0.754,1.3,1.7,5.2,1.3,3.9,1.6,1.4,0.4,0.9,2.2,11.6,36,39
迈克尔-卡特-威廉姆斯,15-16,雄鹿,54,37,30.5,0.452,4.6,10.3,0.273,0.3,1.0,0.654,2.0,3.0,5.1,0.9,4.2,5.2,1.5,0.8,2.8,3.0,11.5,21,33
乔丹-汉密尔顿,15-16,鹈鹕,11,4,27.7,0.422,4.5,10.5,0.289,1.2,4.1,0.667,1.3,1.9,5.6,1.1,4.5,2.3,0.7,0.3,1.5,2.2,11.4,4,7
朱利叶斯-兰德尔,15-16,湖人,81,60,28.2,0.429,4.4,10.3,0.278,0.1,0.4,0.715,2.4,3.3,10.2,2.1,8.1,1.8,0.7,0.4,1.8,3.0,11.3,17,64
博扬-博格达诺维奇,15-16,篮网,79,39,26.8,0.433,4.1,9.5,0.382,1.6,4.3,0.833,1.4,1.7,3.2,0.5,2.8,1.3,0.4,0.1,1.5,1.5,11.2,21,58
诺伦斯-诺尔,15-16,76人,67,62,29.3,0.521,4.6,8.8,0.5,0.0,0.0,0.59,2.0,3.4,8.1,2.3,5.8,1.8,1.8,1.5,2.4,2.9,11.1,10,57
肖恩-基尔帕特里克,15-16,-1,31,0,19.8,0.456,4.0,8.7,0.342,1.3,3.7,0.896,1.9,2.2,1.8,0.4,1.4,0.9,0.4,0.1,1.0,1.2,11.1,7,24
德马雷-卡罗尔,15-16,猛龙,26,22,30.3,0.389,4.0,10.4,0.39,1.8,4.5,0.6,1.2,1.9,4.7,1.2,3.5,1.0,1.7,0.2,1.1,2.4,11.0,16,10
丹尼斯-施罗德,15-16,老鹰,80,6,20.2,0.421,4.1,9.8,0.322,1.0,3.0,0.791,1.8,2.3,2.6,0.3,2.2,4.4,0.9,0.1,2.3,1.7,11.0,47,33
以赛亚-坎南,15-16,76人,77,39,25.5,0.36,3.4,9.4,0.363,2.3,6.3,0.833,1.9,2.3,2.3,0.3,2.0,1.8,0.7,0.2,1.2,1.7,11.0,10,67
TJ-沃伦,15-16,太阳,47,4,22.7,0.501,4.7,9.4,0.4,0.6,1.5,0.703,1.0,1.4,3.1,1.2,1.9,0.9,0.8,0.3,0.7,2.0,11.0,14,33
何塞-巴里亚,15-16,独行侠,74,16,22.5,0.446,4.3,9.6,0.385,1.4,3.5,0.771,1.0,1.3,2.1,0.4,1.7,4.1,0.4,0.0,1.5,1.5,10.9,38,36
埃尔弗里德-佩顿,15-16,魔术,73,69,29.4,0.436,4.4,10.0,0.326,0.4,1.3,0.589,1.5,2.6,3.6,1.1,2.5,6.4,1.2,0.3,2.4,2.2,10.7,32,41
特雷-伯克,15-16,爵士,64,0,21.3,0.413,4.1,9.9,0.344,1.4,4.0,0.817,1.0,1.3,1.8,0.3,1.5,2.3,0.5,0.1,1.3,1.3,10.6,31,33
诺里斯-科尔,15-16,鹈鹕,45,23,26.6,0.405,4.4,10.8,0.324,0.7,2.3,0.8,1.2,1.4,3.4,0.2,3.1,3.7,0.8,0.1,1.7,2.3,10.6,20,25
埃文-特纳,15-16,凯尔特,81,12,28.0,0.456,4.2,9.3,0.241,0.2,1.0,0.827,1.8,2.2,4.9,0.6,4.3,4.4,1.0,0.3,2.1,1.7,10.5,47,34
沙巴兹-穆罕默德,15-16,森林狼,82,0,20.5,0.465,3.9,8.3,0.289,0.5,1.9,0.764,2.3,3.0,3.3,1.2,2.0,0.6,0.3,0.1,0.9,1.1,10.5,29,53
杰里-贝勒斯,15-16,雄鹿,52,18,29.0,0.423,3.6,8.4,0.437,1.9,4.4,0.778,1.3,1.7,2.7,0.4,2.3,3.1,0.9,0.2,1.4,2.1,10.4,21,31
艾森-伊利亚索瓦,15-16,-1,74,56,25.4,0.424,3.8,8.9,0.371,1.3,3.5,0.721,1.5,2.1,5.4,1.9,3.5,0.9,0.7,0.4,1.0,2.3,10.4,35,39
迈尔斯-特纳,15-16,步行者,60,30,22.8,0.498,4.4,8.8,0.214,0.1,0.2,0.727,1.5,2.0,5.5,1.1,4.4,0.7,0.4,1.4,1.1,2.6,10.3,32,28
贾里德-萨林格,15-16,凯尔特,81,73,23.7,0.435,4.3,10.0,0.282,0.4,1.3,0.64,1.3,2.0,8.3,2.4,5.9,2.3,0.9,0.6,1.3,2.6,10.3,47,34
马里奥-钱莫斯,15-16,-1,61,7,22.6,0.41,3.0,7.3,0.309,0.8,2.4,0.832,3.6,4.3,2.6,0.4,2.2,3.8,1.4,0.2,1.8,3.0,10.3,38,23
阿伦-克拉布,15-16,开拓者,81,8,26.1,0.459,3.8,8.4,0.393,1.4,3.5,0.867,1.2,1.4,2.7,0.3,2.3,1.2,0.8,0.2,0.8,2.4,10.3,43,38
罗宾-洛佩斯,15-16,尼克斯,82,82,27.0,0.539,4.4,8.1,0.0,0.0,0.0,0.795,1.6,2.0,7.3,3.3,4.1,1.4,0.2,1.6,1.6,2.2,10.3,32,50
马科-贝里内利,15-16,国王,68,7,24.6,0.386,3.6,9.3,0.306,1.3,4.4,0.833,1.7,2.0,1.7,0.1,1.6,1.9,0.5,0.0,1.2,1.3,10.2,27,41
艾尔-法鲁克-阿米奴,15-16,开拓者,82,82,28.6,0.416,3.6,8.8,0.361,1.5,4.3,0.737,1.4,1.9,6.1,1.2,4.9,1.7,0.9,0.6,1.5,2.1,10.2,44,38
戈尔吉-吉昂,15-16,森林狼,82,39,27.1,0.532,3.8,7.1,0.3,0.1,0.2,0.827,2.5,3.0,7.1,1.9,5.2,1.7,1.1,1.2,1.7,2.7,10.1,29,53
里基-卢比奥,15-16,森林狼,76,76,30.6,0.374,2.9,7.7,0.326,0.8,2.5,0.847,3.5,4.1,4.3,0.5,3.8,8.7,2.1,0.1,2.5,2.6,10.1,28,48
马特-巴恩斯,15-16,灰熊,76,45,28.8,0.381,3.5,9.1,0.322,1.6,4.9,0.804,1.5,1.8,5.5,1.1,4.4,2.1,1.0,0.8,1.6,3.1,10.0,38,38
凯利-奥利尼克,15-16,凯尔特,69,8,20.2,0.455,3.7,8.1,0.405,1.2,3.0,0.75,1.4,1.9,4.1,1.0,3.0,1.5,0.8,0.5,1.1,2.4,10.0,40,29
尼科拉-约季奇,15-16,掘金,80,55,21.7,0.512,3.8,7.5,0.333,0.4,1.1,0.811,1.9,2.4,7.0,2.3,4.7,2.4,1.0,0.6,1.3,2.6,10.0,31,49
拉蒙-塞申斯,15-16,奇才,82,5,20.3,0.473,3.4,7.2,0.324,0.4,1.4,0.756,2.6,3.5,2.5,0.3,2.2,2.9,0.6,0.1,1.4,1.2,9.9,41,41
泰伦斯-罗斯,15-16,猛龙,73,7,24.0,0.431,3.7,8.6,0.386,1.8,4.6,0.79,0.7,0.8,2.5,0.3,2.2,0.8,0.7,0.3,0.6,1.6,9.9,53,20
帕特里克-贝弗利,15-16,火箭,71,63,28.7,0.434,3.6,8.4,0.4,1.7,4.4,0.682,0.8,1.2,3.5,1.0,2.5,3.4,1.3,0.4,1.3,3.3,9.9,35,36
霍利斯-汤普森,15-16,76人,77,17,28.0,0.397,3.5,8.8,0.38,1.9,5.1,0.719,0.9,1.2,3.5,0.7,2.8,1.3,0.5,0.3,1.0,2.4,9.8,10,67
迪昂-维特斯,15-16,雷霆,78,15,27.7,0.399,3.6,9.1,0.358,1.1,3.1,0.713,1.4,2.0,2.6,0.5,2.1,2.0,1.0,0.2,1.5,1.8,9.8,53,25
加里-尼尔,15-16,奇才,40,2,20.2,0.465,3.8,8.1,0.41,1.0,2.5,0.855,1.2,1.4,2.1,0.3,1.8,1.2,0.5,0.0,0.7,1.4,9.8,18,22
卡尔-兰德里,15-16,76人,36,12,15.8,0.556,3.9,6.9,0.462,0.2,0.4,0.736,1.9,2.5,4.1,1.4,2.7,0.9,0.3,0.3,0.6,1.9,9.8,5,31
杰拉米-格兰特,15-16,76人,77,52,26.9,0.419,3.3,7.8,0.24,0.5,1.9,0.658,2.8,4.2,4.7,1.3,3.4,1.8,0.7,1.6,1.4,2.8,9.7,9,68
马库斯-索顿,15-16,-1,61,8,18.2,0.399,3.5,8.9,0.337,1.5,4.4,0.848,1.1,1.3,2.5,0.6,1.8,1.4,0.8,0.1,0.8,1.5,9.7,32,29
考特尼-李,15-16,-1,79,65,29.6,0.454,3.7,8.1,0.378,1.0,2.7,0.839,1.3,1.5,2.6,0.4,2.2,1.7,1.1,0.4,0.9,1.7,9.6,49,30
马努-吉诺比利,15-16,马刺,58,0,19.6,0.453,3.4,7.5,0.391,1.2,3.1,0.813,1.6,1.9,2.5,0.4,2.1,3.1,1.1,0.2,1.7,1.7,9.6,47,11
雷蒙德-费尔顿,15-16,独行侠,80,31,27.4,0.406,3.5,8.5,0.282,0.8,2.7,0.847,1.9,2.2,3.2,0.5,2.8,3.6,0.9,0.2,1.5,1.8,9.5,40,40
道格-迈克德莫特,15-16,公牛,81,4,23.0,0.452,3.6,8.0,0.425,1.4,3.2,0.857,0.9,1.0,2.4,0.5,2.0,0.7,0.2,0.1,0.7,1.6,9.4,41,40
凯文-马丁,15-16,-1,55,13,19.9,0.372,2.8,7.6,0.36,0.9,2.5,0.89,2.8,3.1,2.0,0.3,1.7,1.1,0.5,0.1,1.0,1.5,9.3,24,31
德里克-威廉姆斯,15-16,尼克斯,80,9,18.0,0.45,3.2,7.1,0.293,0.6,1.9,0.758,2.4,3.2,3.7,0.6,3.1,0.9,0.4,0.1,0.8,0.9,9.3,32,48
伊安-马辛米,15-16,步行者,71,71,25.6,0.589,3.7,6.3,-0.01,0.0,0.0,0.587,1.9,3.2,7.1,1.9,5.2,1.5,0.9,1.1,1.4,3.1,9.3,41,30
凯尔-科沃尔,15-16,老鹰,80,80,30.1,0.434,3.4,7.7,0.398,2.0,5.0,0.833,0.6,0.7,3.3,0.2,3.1,2.1,0.8,0.4,1.2,2.0,9.2,46,34
阿隆-戈登,15-16,魔术,78,37,23.9,0.473,3.5,7.4,0.296,0.5,1.8,0.668,1.7,2.5,6.5,2.0,4.5,1.6,0.8,0.7,0.8,2.0,9.2,32,46
内内-希拉里奥,15-16,奇才,57,11,19.2,0.544,3.7,6.7,0.0,0.0,0.1,0.578,1.9,3.2,4.5,0.9,3.6,1.7,0.9,0.5,1.3,2.7,9.2,28,29
乔丹-法玛尔,15-16,灰熊,12,10,24.3,0.42,3.5,8.3,0.356,1.3,3.8,1.0,0.8,0.8,2.1,0.3,1.8,3.1,1.3,0.2,1.5,1.8,9.2,2,10
马库斯-斯玛特,15-16,凯尔特,61,10,27.3,0.348,3.0,8.7,0.253,1.0,4.0,0.777,2.1,2.7,4.2,1.2,2.9,3.0,1.5,0.3,1.3,3.0,9.1,36,25
梅森-普拉姆利,15-16,开拓者,82,82,25.5,0.516,3.3,6.3,0.0,0.0,0.0,0.642,2.6,4.1,7.7,2.5,5.2,2.8,0.8,1.0,1.9,3.1,9.1,44,38
鲁迪-戈波特,15-16,爵士,61,60,31.6,0.559,3.2,5.8,-0.01,0.0,0.0,0.569,2.6,4.6,11.0,3.4,7.5,1.5,0.7,2.2,1.9,2.7,9.1,33,28
艾利克斯-伦,15-16,太阳,78,46,23.3,0.423,3.4,8.0,0.143,0.0,0.1,0.728,2.2,3.1,7.6,2.3,5.3,1.2,0.5,0.8,1.9,2.9,9.0,23,55
杰拉德-格林,15-16,热火,69,14,22.6,0.392,3.3,8.5,0.323,1.2,3.8,0.783,1.0,1.3,2.4,0.4,2.0,0.8,0.6,0.3,0.7,1.8,8.9,40,29
罗德尼-斯塔基,15-16,步行者,58,1,22.0,0.413,3.2,7.6,0.241,0.3,1.4,0.829,2.3,2.7,2.7,0.3,2.4,2.4,0.7,0.1,1.3,1.3,8.9,33,25
阿奇-古德温,15-16,太阳,57,13,19.5,0.417,3.1,7.4,0.232,0.4,1.7,0.674,2.3,3.4,2.5,0.5,2.0,2.1,0.5,0.2,1.8,1.5,8.9,14,43
奥斯汀-里弗斯,15-16,快船,67,7,21.9,0.438,3.4,7.7,0.335,0.9,2.8,0.681,1.2,1.7,1.9,0.3,1.6,1.5,0.7,0.1,0.9,2.0,8.9,42,25
乔丹-希尔,15-16,步行者,73,11,20.7,0.506,3.8,7.5,0.0,0.0,0.0,0.712,1.2,1.7,6.2,2.1,4.0,1.2,0.5,0.5,1.3,2.1,8.8,40,33
杰里米-兰姆,15-16,黄蜂,66,0,18.6,0.451,3.5,7.7,0.309,0.8,2.7,0.727,1.0,1.3,3.8,0.7,3.2,1.2,0.6,0.5,0.8,1.6,8.8,40,26
科迪-泽勒,15-16,黄蜂,73,60,24.3,0.529,3.2,6.0,0.1,0.0,0.1,0.754,2.4,3.2,6.2,1.9,4.3,1.0,0.8,0.9,0.9,2.8,8.7,42,31
路易斯-斯科拉,15-16,猛龙,76,76,21.5,0.45,3.5,7.9,0.404,0.9,2.1,0.726,0.8,1.1,4.7,1.1,3.6,0.9,0.6,0.4,0.9,2.3,8.7,50,26
泰勒-约翰逊,15-16,热火,36,5,23.9,0.486,3.3,6.8,0.38,0.8,2.0,0.797,1.4,1.8,3.0,0.8,2.3,2.2,0.7,0.4,1.3,1.8,8.7,19,17
托尼-道格拉斯,15-16,鹈鹕,61,18,20.7,0.411,3.0,7.3,0.399,1.3,3.3,0.848,1.4,1.6,2.3,0.4,1.9,2.6,1.1,0.1,1.0,2.1,8.7,22,39
泰伦斯-琼斯,15-16,火箭,50,11,20.9,0.452,3.3,7.3,0.316,0.5,1.6,0.664,1.5,2.3,4.2,1.2,3.0,0.8,0.5,0.8,1.0,1.7,8.7,24,26
杰拉德-亨德森,15-16,开拓者,72,0,19.9,0.439,3.2,7.3,0.353,0.7,1.9,0.767,1.6,2.0,2.9,0.4,2.5,1.0,0.5,0.3,0.9,1.2,8.7,39,33
谢尔文-马克,15-16,-1,52,27,20.5,0.439,3.5,8.0,0.312,0.8,2.4,0.738,0.9,1.2,2.5,0.3,2.2,3.6,0.7,0.1,1.8,1.4,8.6,27,25
泰-吉布森,15-16,公牛,73,55,26.5,0.526,3.6,6.8,0.0,0.0,0.0,0.692,1.4,2.0,6.9,2.8,4.1,1.5,0.6,1.1,1.1,2.5,8.6,37,36
蒂姆-邓肯,15-16,马刺,61,60,25.2,0.488,3.5,7.2,0.0,0.0,0.0,0.702,1.5,2.1,7.3,1.9,5.4,2.7,0.8,1.3,1.5,2.0,8.6,50,11
扎扎-帕楚里亚,15-16,独行侠,76,69,26.4,0.466,2.9,6.2,0.0,0.0,0.0,0.768,2.8,3.6,9.4,3.3,6.2,1.7,0.8,0.3,1.6,2.4,8.6,40,36
帕特里克-米尔斯,15-16,马刺,81,3,20.5,0.425,3.2,7.6,0.384,1.5,4.0,0.81,0.6,0.7,2.0,0.3,1.6,2.8,0.7,0.1,0.9,1.3,8.5,66,15
乔恩-洛伊尔,15-16,太阳,67,27,18.8,0.481,3.3,7.0,0.382,0.6,1.6,0.762,1.1,1.5,5.6,1.1,4.4,1.1,0.6,0.4,1.1,1.9,8.5,22,45
科里-约瑟夫,15-16,猛龙,80,4,25.7,0.439,3.2,7.3,0.273,0.4,1.4,0.764,1.7,2.2,2.6,0.5,2.1,3.1,0.8,0.3,1.3,1.6,8.5,54,26
尼克-施陶斯卡斯,15-16,76人,73,35,24.8,0.385,2.9,7.5,0.326,1.5,4.5,0.771,1.2,1.6,2.5,0.3,2.2,1.9,0.6,0.3,1.3,1.6,8.5,8,65
梅耶斯-伦纳德,15-16,开拓者,61,10,21.8,0.448,3.2,7.1,0.377,1.4,3.7,0.761,0.6,0.8,5.1,0.8,4.3,1.5,0.1,0.3,1.3,3.0,8.4,33,28
托尼-阿伦,15-16,灰熊,64,57,25.3,0.458,3.4,7.3,0.357,0.2,0.7,0.652,1.4,2.2,4.6,1.6,3.0,1.1,1.7,0.3,1.2,2.7,8.4,34,30
兰斯-史蒂芬森,15-16,-1,69,13,19.9,0.481,3.3,6.9,0.385,0.4,1.1,0.784,1.3,1.6,3.2,0.6,2.7,1.9,0.6,0.1,1.4,2.0,8.3,36,33
莫里斯-威廉姆斯,15-16,骑士,41,14,18.2,0.437,3.2,7.4,0.353,0.9,2.5,0.905,0.9,1.0,1.8,0.1,1.6,2.4,0.3,0.1,1.4,1.5,8.2,27,14
尤素夫-努尔基奇,15-16,掘金,32,3,17.1,0.417,3.2,7.6,0.0,0.0,0.1,0.616,1.9,3.1,5.5,2.0,3.4,1.3,0.8,1.4,1.7,2.8,8.2,14,18
兰斯-托马斯,15-16,尼克斯,59,5,22.4,0.442,2.9,6.5,0.404,0.7,1.8,0.857,1.7,2.0,2.2,0.6,1.6,0.9,0.4,0.1,1.0,1.8,8.2,25,34
斯坦利-约翰逊,15-16,活塞,73,6,23.1,0.375,3.1,8.2,0.307,0.9,2.8,0.784,1.1,1.4,4.2,0.8,3.4,1.6,0.8,0.2,1.6,2.4,8.1,37,36
PJ-塔克,15-16,太阳,82,80,31.0,0.411,2.9,7.1,0.33,0.8,2.5,0.746,1.3,1.7,6.2,2.0,4.2,2.2,1.3,0.2,1.4,2.5,8.0,23,59
史蒂文-亚当斯,15-16,雷霆,80,80,25.2,0.613,3.3,5.3,-0.01,0.0,0.0,0.582,1.4,2.5,6.7,2.7,3.9,0.8,0.5,1.1,1.1,2.8,8.0,54,26
杰弗瑞-洛文吉,15-16,掘金,59,15,17.7,0.513,3.3,6.4,0.245,0.2,0.9,0.899,1.1,1.2,4.9,1.3,3.6,0.9,0.2,0.3,0.9,1.9,7.9,24,35
贾莱德-杜德利,15-16,奇才,81,41,25.9,0.478,2.9,6.0,0.42,1.2,2.9,0.735,0.9,1.2,3.5,0.7,2.9,2.1,0.9,0.2,1.0,2.3,7.9,40,41
特里斯坦-汤普森,15-16,骑士,82,34,27.7,0.588,3.0,5.1,-0.01,0.0,0.0,0.616,1.8,3.0,9.0,3.3,5.7,0.8,0.5,0.6,0.7,2.5,7.8,57,25
O.J.-梅奥,15-16,雄鹿,41,24,26.5,0.371,2.9,7.8,0.321,1.3,4.0,0.775,0.8,1.0,2.6,0.3,2.2,2.9,1.2,0.2,1.8,3.1,7.8,17,24
本-麦克莱默,15-16,国王,68,53,21.2,0.429,2.9,6.7,0.362,1.0,2.7,0.718,1.1,1.5,2.2,0.5,1.7,1.2,0.8,0.1,1.5,2.1,7.8,28,40
大卫-李,15-16,-1,55,5,16.5,0.531,3.2,6.1,0.0,0.0,0.0,0.763,1.3,1.7,5.5,1.8,3.7,1.5,0.4,0.5,1.2,2.1,7.8,27,28
韦恩-艾灵顿,15-16,篮网,76,41,21.2,0.389,2.9,7.4,0.358,1.3,3.5,0.857,0.7,0.8,2.3,0.3,2.0,1.1,0.6,0.1,0.6,1.1,7.7,18,58
贾米尔-尼尔森,15-16,掘金,39,15,26.6,0.368,2.9,7.9,0.299,1.1,3.7,0.857,0.8,0.9,2.9,0.5,2.5,4.9,0.6,0.1,1.7,2.6,7.7,12,27
兰斯顿-加洛韦,15-16,尼克斯,82,7,24.8,0.393,2.8,7.2,0.344,0.9,2.7,0.754,1.0,1.4,3.5,0.5,3.0,2.5,0.9,0.3,0.7,2.2,7.6,32,50
德文-哈里斯,15-16,独行侠,64,0,20.0,0.447,2.6,5.8,0.329,0.8,2.5,0.721,1.6,2.2,2.2,0.3,1.9,1.8,0.9,0.2,1.0,1.9,7.6,35,29
何塞-卡尔德隆,15-16,尼克斯,72,72,28.1,0.459,2.9,6.3,0.414,1.2,2.8,0.875,0.6,0.7,3.2,0.3,2.9,4.1,0.9,0.1,1.2,1.9,7.6,29,43
DJ-奥古斯丁,15-16,-1,62,0,19.1,0.423,2.4,5.6,0.405,1.1,2.7,0.805,1.7,2.1,1.5,0.1,1.4,3.2,0.6,0.1,1.4,1.4,7.5,35,27
达雷尔-亚瑟,15-16,掘金,70,16,21.7,0.452,3.2,7.0,0.385,0.6,1.7,0.755,0.6,0.8,4.2,1.2,3.0,1.4,0.8,0.7,0.9,2.6,7.5,26,44
伊托万-摩尔,15-16,公牛,59,22,21.4,0.481,3.2,6.6,0.452,0.8,1.8,0.629,0.4,0.6,2.3,0.3,1.9,1.7,0.6,0.3,0.9,1.7,7.5,29,30
马修-德拉维多瓦,15-16,骑士,76,14,24.6,0.405,2.7,6.7,0.41,1.3,3.1,0.864,0.8,0.9,2.1,0.4,1.7,4.4,0.6,0.1,1.5,2.3,7.5,54,22
弗兰克-卡明斯基,15-16,黄蜂,81,3,21.1,0.41,2.7,6.5,0.337,0.8,2.5,0.73,1.3,1.8,4.1,0.9,3.3,1.2,0.5,0.5,0.7,1.6,7.5,47,34
杰迈克尔-格林,15-16,灰熊,78,15,18.5,0.465,2.9,6.3,0.333,0.2,0.6,0.752,1.3,1.8,4.8,1.8,3.0,0.9,0.6,0.4,1.1,2.4,7.4,39,39
阿米尔-约翰逊,15-16,凯尔特,79,76,22.8,0.585,3.2,5.4,0.233,0.1,0.5,0.57,0.9,1.5,6.4,2.3,4.1,1.7,0.7,1.1,1.2,2.7,7.3,45,34
加内特-坦普尔,15-16,奇才,80,43,24.4,0.398,2.5,6.3,0.345,1.1,3.2,0.728,1.1,1.6,2.7,0.5,2.2,1.8,0.9,0.2,0.8,2.4,7.3,40,40
尼克-杨,15-16,湖人,54,2,19.2,0.339,2.3,6.9,0.325,1.4,4.4,0.829,1.2,1.4,1.8,0.3,1.5,0.6,0.4,0.1,0.6,0.9,7.3,13,41
肖恩-拉金,15-16,篮网,78,17,22.5,0.442,2.8,6.4,0.361,0.5,1.4,0.776,1.1,1.4,2.3,0.4,1.9,4.4,1.2,0.2,1.9,1.6,7.3,20,58
丹尼-格林,15-16,马刺,79,79,26.1,0.376,2.7,7.1,0.332,1.5,4.4,0.739,0.4,0.6,3.8,0.6,3.2,1.8,1.0,0.8,0.9,1.8,7.2,65,14
詹姆斯-恩尼斯,15-16,-1,22,5,14.9,0.478,2.5,5.1,0.448,1.2,2.6,0.735,1.1,1.5,1.9,1.0,1.0,1.0,0.7,0.2,0.9,1.3,7.2,11,11
科里-布鲁尔,15-16,火箭,82,12,20.4,0.384,2.6,6.7,0.272,0.7,2.7,0.75,1.3,1.7,2.4,0.5,1.9,1.3,1.0,0.2,1.0,2.0,7.2,41,41
杰森-史密斯,15-16,魔术,76,2,15.5,0.485,3.2,6.6,0.25,0.1,0.2,0.806,0.7,0.9,2.9,0.7,2.2,0.8,0.4,0.9,0.8,2.1,7.2,33,43
布兰登-巴斯,15-16,湖人,66,0,20.3,0.549,2.6,4.8,0.0,0.0,0.0,0.845,1.9,2.2,4.3,1.6,2.7,1.1,0.5,0.8,0.6,1.9,7.2,16,50
迈克-邓利维,15-16,公牛,31,30,22.6,0.41,2.5,6.1,0.394,1.3,3.2,0.784,0.9,1.2,2.7,0.3,2.4,1.3,0.5,0.3,0.8,2.1,7.2,13,18
泰森-钱德勒,15-16,太阳,66,60,24.5,0.583,2.8,4.8,0.0,0.0,0.0,0.62,1.6,2.6,8.7,2.7,6.1,1.0,0.5,0.7,1.4,2.2,7.2,18,48
阿隆-布鲁克斯,15-16,公牛,69,0,16.1,0.401,2.7,6.8,0.357,1.0,2.7,0.766,0.7,0.9,1.5,0.3,1.2,2.6,0.4,0.1,1.2,1.9,7.1,36,33
马利斯-斯贝茨,15-16,勇士,72,0,11.6,0.432,2.7,6.3,0.387,0.3,0.9,0.825,1.3,1.6,3.3,1.1,2.3,0.8,0.3,0.5,0.9,1.6,7.1,64,8
大卫-韦斯特,15-16,马刺,78,19,18.1,0.545,3.1,5.7,0.429,0.0,0.1,0.788,0.8,1.0,4.0,0.9,3.0,1.8,0.6,0.7,0.9,1.8,7.1,63,15
克林特-卡佩拉,15-16,火箭,77,35,19.1,0.582,3.0,5.2,0.0,0.0,0.0,0.379,1.0,2.7,6.4,2.5,3.9,0.6,0.8,1.2,0.8,2.5,7.0,39,38
鲍比-波蒂斯,15-16,公牛,62,4,17.8,0.427,3.0,7.0,0.308,0.3,0.8,0.727,0.8,1.1,5.4,2.0,3.5,0.8,0.4,0.4,0.9,1.6,7.0,29,33
安德烈-伊格达拉,15-16,勇士,65,1,26.7,0.478,2.7,5.7,0.351,0.8,2.4,0.614,0.8,1.3,4.0,0.8,3.2,3.4,1.1,0.3,1.2,1.6,7.0,59,6
威利-考利-斯坦恩,15-16,国王,66,39,21.4,0.563,2.9,5.1,0.0,0.0,0.0,0.648,1.2,1.9,5.3,2.0,3.3,0.6,0.7,1.0,0.7,2.2,7.0,26,40
约翰-汉森,15-16,雄鹿,57,1,16.8,0.564,2.9,5.1,0.0,0.0,0.0,0.59,1.2,2.1,3.9,1.5,2.4,0.9,0.3,1.9,1.1,2.3,7.0,22,35
卢克-巴比特,15-16,鹈鹕,47,13,18.0,0.422,2.6,6.1,0.404,0.9,2.3,0.78,0.8,1.1,3.1,0.5,2.6,1.1,0.2,0.1,0.5,1.9,7.0,16,31
费斯图斯-艾泽里,15-16,勇士,46,13,16.7,0.548,2.7,5.0,-0.01,0.0,0.0,0.53,1.5,2.9,5.6,2.0,3.6,0.7,0.4,1.1,0.8,2.0,7.0,42,4
唐纳德-斯隆,15-16,篮网,61,33,21.6,0.44,2.5,5.7,0.384,0.6,1.6,0.75,1.3,1.7,2.8,0.3,2.6,4.4,0.5,0.1,1.3,1.2,7.0,13,48
布兰登-怀特,15-16,灰熊,12,2,17.8,0.673,2.9,4.3,-0.01,0.0,0.0,0.542,1.1,2.0,3.6,1.2,2.4,0.5,0.4,1.3,0.8,1.8,6.9,6,6
布兰登-詹宁斯,15-16,-1,48,7,18.1,0.368,2.3,6.3,0.329,1.1,3.2,0.731,1.2,1.6,2.0,0.3,1.7,3.5,0.6,0.1,1.2,1.2,6.9,20,28
帕特里克-帕特森,15-16,猛龙,79,0,25.5,0.414,2.6,6.2,0.362,1.3,3.7,0.853,0.4,0.4,4.3,1.0,3.4,1.2,0.7,0.4,0.8,1.6,6.9,54,25
韦斯利-约翰逊,15-16,快船,80,9,20.8,0.404,2.6,6.4,0.333,1.3,3.9,0.652,0.4,0.6,3.1,0.5,2.6,0.6,1.1,0.7,0.7,2.2,6.9,51,29
安德鲁-尼克尔森,15-16,魔术,56,0,14.7,0.471,2.6,5.5,0.36,0.7,2.0,0.785,0.9,1.2,3.6,0.6,3.0,0.4,0.2,0.4,0.7,1.2,6.9,22,34
塞斯-库里,15-16,国王,44,9,15.8,0.455,2.3,5.1,0.45,1.1,2.5,0.833,1.0,1.2,1.4,0.2,1.2,1.5,0.5,0.1,0.8,0.9,6.8,17,27
科斯塔-库佛斯,15-16,国王,78,14,19.1,0.532,3.0,5.7,-0.01,0.0,0.0,0.548,0.7,1.3,5.4,2.2,3.3,0.4,0.5,0.9,0.6,2.4,6.8,32,46
安德里亚-巴尼亚尼,15-16,篮网,46,0,13.8,0.455,2.8,6.1,0.188,0.1,0.3,0.825,1.0,1.2,2.1,0.6,1.5,0.4,0.1,0.2,0.6,1.3,6.6,11,35
文斯-卡特,15-16,灰熊,60,3,16.8,0.388,2.2,5.7,0.349,1.0,2.8,0.833,1.2,1.4,2.4,0.5,1.9,0.9,0.6,0.3,0.6,1.7,6.6,33,27
约什-理查德森,15-16,热火,52,2,21.3,0.452,2.4,5.2,0.461,1.0,2.2,0.667,0.8,1.2,2.1,0.4,1.7,1.4,0.7,0.5,0.7,2.1,6.6,29,23
亨利-希姆斯,15-16,篮网,14,4,18.8,0.429,2.4,5.5,-0.01,0.0,0.0,0.833,1.8,2.1,5.1,1.5,3.6,0.6,0.6,1.0,0.9,2.6,6.5,2,12
艾德-戴维斯,15-16,开拓者,81,0,20.8,0.611,2.5,4.2,-0.01,0.0,0.0,0.559,1.4,2.5,7.4,2.8,4.6,1.1,0.7,0.9,0.8,2.5,6.5,43,38
克里斯-亨弗里斯,15-16,-1,53,17,15.8,0.41,2.3,5.6,0.315,0.6,2.0,0.798,1.3,1.6,4.1,1.1,3.0,0.7,0.3,0.4,0.7,1.8,6.5,29,24
贾斯蒂斯-温斯洛,15-16,热火,78,8,28.7,0.422,2.5,5.9,0.276,0.4,1.5,0.684,1.0,1.5,5.2,1.0,4.1,1.5,0.9,0.3,1.2,2.4,6.4,46,32
萨波-索夫洛萨,15-16,老鹰,75,11,23.3,0.507,2.5,4.9,0.341,0.6,1.6,0.626,0.8,1.3,4.5,0.7,3.8,1.4,1.1,0.5,0.9,1.5,6.4,42,33
蒂姆-哈达威二世,15-16,老鹰,51,1,16.9,0.43,2.2,5.2,0.336,0.9,2.8,0.893,1.0,1.1,1.7,0.1,1.5,1.0,0.4,0.1,0.5,0.9,6.4,29,22
莫里斯-哈克利斯,15-16,开拓者,78,14,18.6,0.474,2.5,5.3,0.279,0.5,1.8,0.622,0.9,1.4,3.6,1.3,2.3,0.9,0.6,0.4,0.8,1.6,6.4,40,38
伯瑞斯-迪奥,15-16,马刺,76,4,18.2,0.527,2.7,5.0,0.362,0.3,0.9,0.737,0.7,1.0,3.1,0.8,2.3,2.3,0.3,0.3,1.3,1.3,6.4,64,12
莱昂德罗-巴博萨,15-16,勇士,68,0,16.0,0.462,2.5,5.4,0.355,0.6,1.6,0.839,0.8,0.9,1.7,0.4,1.3,1.2,0.6,0.1,0.8,1.6,6.4,60,8
阿隆-贝恩斯,15-16,活塞,81,1,15.3,0.505,2.4,4.7,0.0,0.0,0.0,0.764,1.6,2.0,4.7,1.7,3.0,0.6,0.3,0.6,0.8,1.9,6.3,43,38
肖恩-利文斯顿,15-16,勇士,78,3,19.4,0.536,2.6,4.9,0.167,0.0,0.2,0.86,1.0,1.2,2.2,0.5,1.6,3.0,0.7,0.3,1.0,1.8,6.3,69,9
季莫费-莫兹戈夫,15-16,骑士,76,48,17.5,0.565,2.7,4.7,0.143,0.0,0.1,0.716,0.9,1.3,4.4,1.4,3.0,0.4,0.3,0.8,0.9,2.1,6.3,52,24
多纳塔斯-莫泰尤纳斯,15-16,火箭,37,22,14.8,0.439,2.4,5.5,0.281,0.4,1.5,0.642,0.9,1.4,2.9,1.0,1.9,1.1,0.5,0.1,1.2,1.9,6.2,19,18
P.J.海尔斯顿,15-16,-1,66,52,19.9,0.355,2.2,6.2,0.29,1.1,3.7,0.781,0.8,1.0,2.6,0.4,2.3,0.6,0.5,0.2,0.6,2.1,6.2,31,35
迈克-斯科特,15-16,老鹰,75,0,15.4,0.468,2.3,5.0,0.392,0.8,2.1,0.794,0.7,0.8,2.7,0.7,2.0,1.0,0.3,0.2,0.6,1.4,6.2,46,29
保罗-皮尔斯,15-16,快船,68,38,18.2,0.363,2.1,5.8,0.31,1.1,3.6,0.818,0.8,1.0,2.7,0.2,2.6,1.0,0.5,0.3,0.9,1.9,6.1,44,24
特雷-莱尔斯,15-16,爵士,80,33,17.3,0.438,2.4,5.5,0.383,0.6,1.6,0.695,0.7,1.0,3.7,0.7,3.0,0.7,0.3,0.2,0.8,1.4,6.1,38,42
T.J. 麦康诺,15-16,76人,81,17,19.9,0.47,2.7,5.7,0.348,0.4,1.1,0.634,0.3,0.5,3.1,0.5,2.6,4.5,1.2,0.1,1.7,1.4,6.1,10,71
钱宁-弗莱,15-16,-1,70,32,17.1,0.438,2.2,5.0,0.387,1.3,3.4,0.857,0.4,0.5,3.3,0.5,2.8,1.0,0.4,0.4,0.6,1.8,6.1,35,35
泰勒-泽勒,15-16,凯尔特,60,3,11.9,0.476,2.3,4.8,-0.01,0.0,0.0,0.815,1.5,1.8,3.0,1.0,1.9,0.5,0.2,0.4,0.8,1.6,6.1,38,22
马里奥-赫佐尼亚,15-16,魔术,79,9,17.9,0.433,2.3,5.3,0.349,0.8,2.4,0.907,0.6,0.7,2.2,0.4,1.9,1.4,0.5,0.2,1.2,1.6,6.1,33,46
丹特-康宁汉姆,15-16,鹈鹕,80,46,24.7,0.451,2.3,5.2,0.316,0.7,2.2,0.695,0.7,1.0,3.0,0.7,2.2,1.0,0.5,0.4,0.5,2.2,6.1,28,52
约什-史密斯,15-16,-1,55,7,16.0,0.364,2.3,6.3,0.287,0.7,2.6,0.552,0.7,1.2,3.5,0.9,2.6,1.6,0.6,0.9,1.4,2.1,6.0,31,24
乔纳森-西蒙斯,15-16,马刺,55,2,14.7,0.504,2.2,4.4,0.383,0.3,0.9,0.75,1.3,1.7,1.7,0.3,1.5,1.1,0.4,0.1,1.0,1.9,6.0,47,8
阿莱克西-阿金萨,15-16,鹈鹕,59,17,14.6,0.476,2.5,5.3,0.0,0.0,0.0,0.839,0.9,1.1,4.6,1.3,3.3,0.5,0.3,0.6,0.9,2.3,6.0,20,39
斯宾塞-霍伊斯,15-16,黄蜂,57,6,18.1,0.405,2.2,5.4,0.373,0.7,1.8,0.831,0.9,1.1,4.3,0.9,3.4,1.9,0.4,0.5,1.0,1.9,6.0,30,27
罗伊-希波特,15-16,湖人,81,81,23.2,0.443,2.2,5.1,0.0,0.0,0.0,0.807,1.4,1.8,4.9,1.6,3.3,1.2,0.4,1.4,0.9,3.1,5.9,17,64
J.J.希克森,15-16,-1,35,9,12.5,0.516,2.3,4.4,0.0,0.0,0.0,0.447,1.3,2.9,3.8,1.1,2.7,0.7,0.4,0.4,0.7,1.3,5.9,17,18
劳尔-内图,15-16,爵士,81,53,18.5,0.431,2.2,5.2,0.395,0.8,2.0,0.743,0.6,0.9,1.5,0.2,1.3,2.1,0.8,0.0,1.3,1.5,5.9,40,41
杰森-特里,15-16,火箭,72,7,17.5,0.402,2.1,5.2,0.356,1.3,3.6,0.818,0.4,0.5,1.1,0.2,0.9,1.4,0.7,0.1,0.7,1.3,5.9,37,35
特雷沃-布克,15-16,爵士,79,2,20.7,0.49,2.4,4.9,0.293,0.2,0.5,0.67,0.9,1.3,5.7,2.1,3.6,1.1,0.7,0.5,1.0,2.1,5.9,39,40
马克尔-布朗,15-16,篮网,62,6,15.9,0.394,2.0,5.2,0.314,0.6,2.0,0.755,1.1,1.5,2.0,0.4,1.6,1.5,0.6,0.2,0.9,1.5,5.9,12,50
兰迪-弗耶,15-16,-1,81,8,20.2,0.351,2.1,6.0,0.3,0.9,3.1,0.824,0.8,0.9,1.9,0.3,1.6,2.0,0.5,0.4,1.1,1.6,5.9,37,44
德怀特-鲍威尔,15-16,独行侠,69,2,14.4,0.493,2.1,4.3,0.125,0.0,0.2,0.739,1.5,2.1,4.0,1.2,2.7,0.6,0.5,0.3,0.6,1.7,5.8,35,34
阿玛雷-斯塔德迈尔,15-16,热火,52,36,14.7,0.566,2.4,4.3,-0.01,0.0,0.0,0.746,1.0,1.3,4.3,1.3,3.0,0.5,0.3,0.8,0.9,1.8,5.8,30,22
伊曼-香珀特,15-16,骑士,54,5,24.4,0.374,2.1,5.6,0.295,0.8,2.7,0.784,0.7,0.9,3.8,0.6,3.2,1.7,1.0,0.4,1.1,2.2,5.8,39,15
朗戴-霍利斯-杰弗森,15-16,篮网,29,17,21.2,0.457,2.2,4.8,0.286,0.1,0.5,0.712,1.3,1.8,5.3,1.3,4.0,1.5,1.3,0.6,0.9,2.1,5.8,7,22
泽维尔-孟福德,15-16,灰熊,14,0,17.6,0.416,2.3,5.5,0.391,0.6,1.6,0.5,0.5,1.0,2.2,0.2,2.0,1.6,0.9,0.2,1.1,1.8,5.7,3,11
贾雷尔-马丁,15-16,灰熊,27,0,14.1,0.466,2.0,4.3,0.0,0.0,0.1,0.726,1.7,2.3,3.2,1.4,1.7,0.6,0.3,0.3,0.7,2.1,5.7,10,17
格雷维斯-瓦斯奎兹,15-16,雄鹿,23,0,20.0,0.326,2.0,6.0,0.247,0.8,3.2,0.846,1.0,1.1,2.0,0.2,1.8,4.0,0.4,0.0,1.7,1.8,5.7,9,14
泰-劳森,15-16,-1,66,13,21.4,0.393,2.1,5.4,0.333,0.5,1.6,0.686,0.9,1.3,1.8,0.4,1.4,3.6,0.8,0.1,1.4,1.3,5.7,31,35
布莱斯-德贾恩-琼斯,15-16,鹈鹕,14,11,20.0,0.406,2.0,4.9,0.375,0.9,2.3,0.524,0.8,1.5,3.4,0.6,2.9,1.1,0.7,0.1,0.8,1.2,5.6,8,6
特洛伊-丹尼尔斯,15-16,黄蜂,43,0,11.1,0.476,2.1,4.3,0.484,1.4,2.8,0.556,0.1,0.2,1.3,0.2,1.2,0.5,0.3,0.1,0.6,0.9,5.6,25,18
理查恩-福尔摩斯,15-16,76人,51,1,13.7,0.514,2.2,4.4,0.182,0.2,0.9,0.689,1.0,1.5,2.6,1.2,1.4,0.6,0.4,0.8,0.6,1.8,5.6,7,44
杰里安-格兰特,15-16,尼克斯,76,6,16.7,0.394,2.0,5.1,0.22,0.3,1.3,0.78,1.3,1.6,1.9,0.3,1.6,2.3,0.7,0.1,1.1,1.3,5.6,29,47
安东尼-莫罗,15-16,雷霆,68,6,13.6,0.408,2.0,4.9,0.387,1.2,3.0,0.744,0.4,0.6,0.9,0.1,0.8,0.4,0.3,0.1,0.3,0.9,5.6,46,22
蒂亚戈-斯普里特,15-16,老鹰,36,2,16.1,0.523,2.3,4.3,0.0,0.0,0.1,0.813,1.1,1.3,3.3,1.3,2.1,0.8,0.6,0.3,0.7,2.0,5.6,21,15
诺曼-鲍威尔,15-16,猛龙,49,24,14.9,0.424,2.0,4.7,0.404,0.7,1.8,0.811,0.9,1.1,2.3,0.3,1.9,1.0,0.6,0.2,0.7,1.2,5.6,32,17
理查德-杰弗森,15-16,骑士,74,5,17.9,0.458,1.9,4.2,0.382,0.9,2.3,0.667,0.8,1.2,1.7,0.2,1.5,0.8,0.4,0.2,0.6,1.7,5.5,51,23
拉里-南斯 Jr.,15-16,湖人,63,22,20.1,0.527,2.5,4.8,0.1,0.0,0.2,0.681,0.5,0.7,5.0,1.6,3.3,0.7,0.9,0.4,0.7,2.0,5.5,14,49
俾斯麦-比永博,15-16,猛龙,82,22,22.1,0.542,1.9,3.5,0.0,0.0,0.0,0.628,1.7,2.8,8.0,2.2,5.8,0.4,0.2,1.6,0.9,2.7,5.5,56,26
博班-马扬诺维奇,15-16,马刺,54,4,9.4,0.603,1.9,3.2,-0.01,0.0,0.0,0.763,1.6,2.1,3.6,1.4,2.2,0.4,0.2,0.4,0.5,1.0,5.5,47,7
科尔-阿尔德里奇,15-16,快船,60,5,13.4,0.596,2.2,3.8,-0.01,0.0,0.0,0.714,1.0,1.4,4.8,1.4,3.4,0.8,0.8,1.1,1.1,2.3,5.5,41,19
拉沃伊-阿伦,15-16,步行者,79,28,20.3,0.516,2.4,4.7,-0.01,0.0,0.0,0.63,0.6,0.9,5.4,2.1,3.3,1.0,0.3,0.5,0.9,1.9,5.4,43,36
安德鲁-博古特,15-16,勇士,70,66,20.7,0.627,2.5,4.0,1.0,0.0,0.0,0.48,0.3,0.7,7.0,1.7,5.3,2.3,0.5,1.6,1.2,3.2,5.4,62,8
罗尼-普莱斯,15-16,太阳,62,18,19.5,0.384,1.9,4.9,0.347,1.1,3.2,0.756,0.5,0.7,1.6,0.4,1.2,2.4,1.2,0.2,1.1,2.6,5.3,20,42
安东尼-托利弗,15-16,活塞,72,5,18.6,0.386,1.8,4.6,0.36,1.4,3.8,0.617,0.4,0.7,3.2,0.5,2.6,0.7,0.4,0.2,0.4,1.2,5.3,36,36
托尼-斯内尔,15-16,公牛,64,33,20.3,0.372,2.0,5.3,0.361,0.9,2.4,0.909,0.5,0.5,3.1,0.3,2.8,1.0,0.3,0.3,0.8,1.6,5.3,33,31
昆西-阿希,15-16,国王,59,29,14.9,0.556,2.0,3.6,0.388,0.3,0.8,0.735,0.8,1.2,3.2,1.1,2.1,0.5,0.5,0.4,0.5,1.7,5.2,21,38
迈尔斯-普拉姆利,15-16,雄鹿,61,14,14.2,0.601,2.3,3.8,-0.01,0.0,0.0,0.576,0.6,1.0,3.8,1.5,2.3,0.3,0.3,0.8,0.7,1.2,5.1,23,38
查理-维兰纽瓦,15-16,独行侠,62,4,10.7,0.382,2.0,5.3,0.273,0.8,2.8,0.917,0.4,0.4,2.5,0.4,2.1,0.4,0.3,0.2,0.5,1.1,5.1,29,33
内曼加-别利卡,15-16,森林狼,60,0,18.0,0.468,1.8,3.9,0.384,0.8,2.1,0.727,0.7,0.9,3.5,0.8,2.7,1.4,0.4,0.4,0.8,2.6,5.1,20,40
雅卡尔-桑普森,15-16,-1,73,40,16.0,0.442,1.9,4.3,0.222,0.2,0.9,0.656,1.1,1.7,2.6,0.6,2.0,0.6,0.3,0.5,1.0,1.9,5.1,18,55
蒂姆-弗雷泽,15-16,-1,51,2,14.5,0.419,1.9,4.5,0.333,0.3,0.9,0.716,1.0,1.5,2.2,0.5,1.6,3.2,0.6,0.0,1.3,1.4,5.1,25,26
贾维尔-麦基,15-16,独行侠,34,2,10.8,0.575,2.3,3.9,0.0,0.0,0.0,0.5,0.5,1.1,3.9,1.6,2.4,0.1,0.1,0.8,0.6,1.4,5.1,15,19
詹姆斯-约翰逊,15-16,猛龙,57,32,16.2,0.475,2.0,4.2,0.303,0.4,1.2,0.574,0.7,1.2,2.2,0.5,1.7,1.2,0.5,0.6,0.9,1.5,5.0,35,22
梅塔-沃尔德皮斯,15-16,湖人,35,5,16.8,0.311,1.6,5.1,0.31,0.7,2.4,0.702,1.1,1.6,2.5,0.5,2.0,0.8,0.6,0.3,0.4,1.9,5.0,6,29
阿兰-安德森,15-16,奇才,13,0,14.8,0.356,1.6,4.5,0.324,0.9,2.8,0.733,0.8,1.2,2.1,0.1,2.0,1.1,0.3,0.1,0.2,1.9,5.0,8,5
卡梅隆-佩恩,15-16,雷霆,57,1,12.3,0.41,2.0,4.9,0.324,0.6,1.9,0.792,0.3,0.4,1.5,0.2,1.3,1.9,0.6,0.1,0.8,1.4,5.0,44,13
萨沙-武贾西奇,15-16,尼克斯,61,25,14.9,0.383,1.7,4.5,0.364,0.9,2.3,0.821,0.5,0.6,2.4,0.4,2.0,1.4,0.6,0.1,0.7,1.4,4.9,22,39
斯宾瑟-丁维迪,15-16,活塞,12,0,13.3,0.352,1.6,4.5,0.1,0.1,0.8,0.576,1.6,2.8,1.4,0.3,1.1,1.8,0.3,0.0,0.6,1.7,4.8,5,7
安德烈-罗伯森,15-16,雷霆,70,70,22.2,0.496,1.9,3.9,0.311,0.5,1.5,0.611,0.5,0.8,3.6,1.1,2.5,0.7,0.8,0.6,0.5,1.9,4.8,48,22
凯尔-奥奎因,15-16,尼克斯,65,1,11.7,0.476,2.0,4.2,0.227,0.1,0.3,0.767,0.7,0.9,3.8,1.2,2.7,1.1,0.3,0.8,0.9,1.6,4.8,26,39
克里斯-麦考伦,15-16,篮网,24,4,15.1,0.404,1.8,4.5,0.382,0.5,1.4,0.478,0.5,1.0,2.8,1.0,1.8,0.4,1.2,0.5,0.6,1.6,4.7,7,17
威利-里德,15-16,篮网,39,2,10.9,0.571,1.9,3.4,-0.01,0.0,0.0,0.545,0.8,1.4,3.1,1.3,1.9,0.3,0.2,0.8,0.4,1.2,4.7,8,31
本诺-尤德里,15-16,-1,44,5,16.1,0.434,2.0,4.5,0.341,0.3,1.0,0.9,0.4,0.5,1.6,0.2,1.5,2.6,0.3,0.0,1.2,1.2,4.7,26,18
贾斯汀-霍勒迪,15-16,-1,53,5,14.5,0.386,1.7,4.3,0.343,0.7,2.0,0.73,0.5,0.7,1.7,0.2,1.5,1.1,0.6,0.4,0.7,1.2,4.5,28,25
乔丹-麦克雷,15-16,-1,22,1,8.9,0.436,1.5,3.5,0.455,0.5,1.0,0.75,1.0,1.3,0.9,0.2,0.7,1.1,0.1,0.0,0.7,0.8,4.5,10,12
尼科拉-佩科维奇,15-16,森林狼,12,3,13.0,0.38,1.6,4.2,-0.01,0.0,0.0,0.8,1.3,1.7,1.8,0.6,1.2,0.9,0.1,0.0,0.8,1.8,4.5,2,10
凯尔-安德森,15-16,马刺,78,11,16.0,0.468,1.8,3.8,0.324,0.2,0.5,0.747,0.8,1.1,3.1,0.3,2.8,1.6,0.8,0.4,0.8,1.2,4.5,64,14
泰勒-恩尼斯,15-16,雄鹿,46,7,14.3,0.449,1.8,4.1,0.333,0.3,0.8,0.735,0.5,0.7,1.6,0.3,1.3,2.1,0.5,0.0,1.0,1.4,4.5,17,29
马赛洛-赫尔塔斯,15-16,湖人,53,0,16.3,0.422,1.8,4.3,0.262,0.3,1.2,0.931,0.5,0.5,1.7,0.3,1.4,3.4,0.5,0.1,1.5,1.4,4.5,8,45
阿隆佐-基,15-16,鹈鹕,73,38,22.4,0.518,1.8,3.5,0.283,0.2,0.8,0.667,0.6,0.9,3.4,0.8,2.5,1.0,0.9,0.2,0.8,2.3,4.5,27,46
德维恩-戴德蒙,15-16,魔术,58,20,12.2,0.559,1.7,3.1,-0.01,0.0,0.0,0.75,1.0,1.3,3.9,1.2,2.8,0.2,0.4,0.8,0.6,1.9,4.4,21,37
史蒂夫-布雷克,15-16,活塞,58,2,17.0,0.388,1.6,4.1,0.344,0.9,2.6,0.8,0.3,0.3,1.5,0.2,1.4,3.4,0.4,0.1,1.4,1.2,4.4,34,24
约纳斯-杰雷布科,15-16,凯尔特,78,0,15.1,0.413,1.5,3.7,0.398,0.6,1.4,0.782,0.8,1.0,3.7,1.0,2.7,0.8,0.3,0.3,0.7,1.8,4.4,47,31
托马斯-罗宾逊,15-16,篮网,71,7,12.9,0.447,1.8,4.1,0.0,0.0,0.0,0.431,0.7,1.5,5.1,1.9,3.1,0.6,0.5,0.5,1.0,1.6,4.3,16,55
C.J.沃特森,15-16,魔术,33,2,19.8,0.343,1.4,4.2,0.292,0.4,1.5,0.872,1.0,1.2,2.0,0.3,1.7,2.7,0.6,0.2,0.8,1.5,4.3,14,19
乔金-诺阿,15-16,公牛,29,2,21.9,0.383,1.8,4.6,0.0,0.0,0.0,0.489,0.8,1.6,8.8,3.0,5.8,3.8,0.6,1.0,1.8,2.7,4.3,15,14
杰夫-维希,15-16,爵士,51,10,12.9,0.537,1.7,3.2,0.0,0.0,0.0,0.729,0.8,1.2,3.4,1.1,2.3,0.4,0.4,1.0,0.5,1.5,4.3,25,26
布兰登-拉什,15-16,勇士,72,25,14.6,0.427,1.5,3.6,0.414,0.9,2.2,0.643,0.3,0.4,2.5,0.3,2.2,0.8,0.3,0.3,0.5,0.8,4.2,63,9
乔-英格尔斯,15-16,爵士,81,2,15.3,0.426,1.5,3.6,0.386,1.0,2.6,0.722,0.2,0.2,1.9,0.2,1.6,1.2,0.7,0.0,0.8,1.2,4.2,40,41
雷恩-凯利,15-16,湖人,36,0,13.0,0.369,1.5,4.1,0.135,0.1,1.0,0.685,1.0,1.5,3.4,0.6,2.8,0.6,0.4,0.3,0.5,1.1,4.2,3,33
泰尔斯-琼斯,15-16,森林狼,37,0,15.6,0.359,1.5,4.2,0.302,0.4,1.4,0.718,0.8,1.1,1.3,0.2,1.1,2.9,0.8,0.1,0.9,0.9,4.2,13,24
所罗门-希尔,15-16,步行者,59,3,14.7,0.447,1.6,3.5,0.324,0.4,1.3,0.857,0.6,0.7,2.8,0.7,2.2,1.0,0.6,0.2,0.6,1.2,4.2,31,28
约翰-詹金斯,15-16,-1,43,3,11.1,0.444,1.7,3.7,0.314,0.4,1.2,0.833,0.5,0.6,1.3,0.2,1.1,0.8,0.2,0.0,0.6,0.5,4.1,18,25
埃尔顿-布兰德,15-16,76人,17,1,13.2,0.431,1.8,4.2,0.0,0.0,0.1,0.889,0.5,0.5,3.7,0.5,3.2,1.1,0.5,0.5,0.6,1.9,4.1,2,15
蔡斯-巴丁格,15-16,-1,66,2,14.1,0.435,1.6,3.6,0.279,0.4,1.3,0.696,0.6,0.8,2.3,0.7,1.6,1.0,0.5,0.2,0.7,0.9,4.1,29,37
布莱恩-罗伯茨,15-16,-1,51,0,9.3,0.448,1.5,3.2,0.357,0.3,0.8,0.894,0.8,0.9,0.8,0.1,0.7,1.1,0.2,0.0,0.5,0.7,4.0,26,25
达伦-希拉尔德,15-16,活塞,38,2,10.1,0.397,1.4,3.4,0.38,0.5,1.3,0.725,0.8,1.1,1.2,0.1,1.1,0.7,0.2,0.0,0.5,0.7,4.0,17,21
安东尼-布朗,15-16,湖人,29,11,20.6,0.31,1.3,4.3,0.286,0.7,2.4,0.85,0.6,0.7,2.4,0.3,2.1,0.7,0.5,0.2,0.5,1.2,4.0,4,25
欧米尔-阿西克,15-16,鹈鹕,68,64,17.4,0.533,1.5,2.9,-0.01,0.0,0.0,0.545,0.9,1.6,6.1,1.8,4.3,0.4,0.3,0.3,0.9,1.8,4.0,29,39
凯文-塞拉芬,15-16,尼克斯,48,0,11.1,0.41,1.8,4.3,0.0,0.0,0.0,0.826,0.4,0.5,2.6,0.6,2.0,1.0,0.2,0.8,0.9,1.4,3.9,15,33
克里斯-安德森,15-16,-1,27,15,15.0,0.528,1.4,2.7,0.286,0.1,0.5,0.694,0.9,1.3,3.6,1.3,2.3,0.4,0.6,0.5,0.3,1.1,3.9,11,16
德隆-莱特,15-16,猛龙,27,1,8.5,0.45,1.3,3.0,0.385,0.2,0.5,0.743,1.0,1.3,1.4,0.3,1.1,1.1,0.3,0.1,0.6,0.3,3.8,19,8
格伦-罗宾逊三世,15-16,步行者,45,4,11.4,0.43,1.4,3.4,0.378,0.3,0.8,0.692,0.6,0.9,1.5,0.3,1.2,0.6,0.4,0.2,0.4,0.5,3.8,24,21
贾斯汀-安德森,15-16,独行侠,55,9,11.7,0.406,1.3,3.2,0.265,0.4,1.5,0.8,0.8,1.0,2.4,0.3,2.1,0.5,0.3,0.5,0.4,0.8,3.8,28,27
乔-杨,15-16,步行者,41,0,9.4,0.367,1.5,4.1,0.217,0.2,1.1,0.8,0.5,0.6,1.2,0.1,1.1,1.6,0.4,0.0,0.8,0.7,3.8,19,22
凯利-奥伯尔,15-16,奇才,63,9,10.7,0.427,1.4,3.3,0.316,0.4,1.3,0.633,0.5,0.8,2.1,0.4,1.7,0.2,0.3,0.1,0.5,1.6,3.7,31,32
詹姆斯-琼斯,15-16,骑士,48,0,9.7,0.408,1.2,3.0,0.394,0.9,2.2,0.808,0.4,0.5,1.0,0.2,0.9,0.3,0.2,0.2,0.3,1.0,3.7,33,15
卡隆-巴特勒,15-16,国王,17,1,10.4,0.424,1.5,3.5,0.167,0.2,1.1,0.833,0.6,0.7,1.3,0.3,1.0,0.6,0.5,0.1,0.2,1.1,3.7,2,15
肯道尔-马绍尔,15-16,76人,30,6,13.3,0.364,1.4,3.9,0.327,0.5,1.6,0.692,0.3,0.4,0.9,0.1,0.9,2.4,0.5,0.1,1.4,1.0,3.7,3,27
安德烈-米勒,15-16,-1,39,4,11.8,0.557,1.5,2.7,0.25,0.1,0.2,0.75,0.6,0.8,1.3,0.3,1.0,2.2,0.4,0.0,0.9,1.2,3.7,20,19
沙巴兹-内皮尔,15-16,魔术,55,0,10.9,0.338,1.2,3.7,0.327,0.6,1.9,0.733,0.6,0.8,1.0,0.2,0.8,1.8,0.4,0.0,0.8,0.7,3.7,23,32
萨拉赫-梅杰里,15-16,独行侠,34,6,11.7,0.628,1.4,2.3,0.0,0.0,0.0,0.587,0.8,1.4,3.6,1.2,2.4,0.3,0.2,1.1,0.7,1.6,3.7,16,18
诺阿-冯莱,15-16,开拓者,78,56,15.0,0.421,1.5,3.6,0.239,0.1,0.6,0.745,0.5,0.7,3.9,1.2,2.7,0.4,0.3,0.3,0.6,1.9,3.6,41,37
阿克塞尔-唐佩恩,15-16,掘金,21,0,14.6,0.357,1.2,3.3,0.325,0.6,1.9,0.765,0.6,0.8,1.5,0.4,1.1,0.7,0.3,0.3,0.3,1.9,3.6,9,12
蒙特雷斯-哈雷尔,15-16,火箭,39,1,9.7,0.644,1.5,2.3,0.0,0.0,0.0,0.522,0.6,1.2,1.7,0.6,1.0,0.4,0.3,0.3,0.4,1.2,3.6,17,22
克里斯蒂安-伍德,15-16,76人,17,0,8.5,0.415,1.3,3.1,0.364,0.2,0.6,0.619,0.8,1.2,2.2,0.8,1.5,0.2,0.3,0.4,0.1,0.6,3.6,0,17
伊恩-克拉克,15-16,勇士,66,1,8.8,0.441,1.3,3.1,0.357,0.5,1.3,0.824,0.4,0.5,1.0,0.2,0.8,1.0,0.3,0.2,0.7,0.9,3.6,59,7
约什-麦克罗伯茨,15-16,热火,42,1,14.2,0.372,1.3,3.5,0.245,0.3,1.2,0.7,0.7,1.0,2.5,0.5,2.0,1.9,0.4,0.2,0.7,1.6,3.6,27,15
詹姆斯-安德森,15-16,国王,51,15,14.1,0.376,1.3,3.5,0.267,0.5,1.7,0.759,0.4,0.6,1.7,0.3,1.4,0.8,0.4,0.3,0.8,1.1,3.5,19,32
罗波特-萨克雷,15-16,湖人,25,1,12.8,0.413,1.2,3.0,-0.01,0.0,0.0,0.658,1.0,1.5,2.9,1.3,1.6,0.6,0.2,0.4,0.5,1.7,3.5,2,23
塔里克-布莱克,15-16,湖人,39,0,12.7,0.548,1.5,2.7,-0.01,0.0,0.0,0.422,0.5,1.2,4.0,1.1,2.9,0.4,0.4,0.5,0.6,2.0,3.4,6,33
凯尔-辛格勒,15-16,雷霆,68,2,14.4,0.389,1.3,3.3,0.309,0.4,1.4,0.659,0.4,0.6,2.1,0.7,1.3,0.4,0.4,0.1,0.5,1.8,3.4,43,25
克里斯蒂亚诺-费利西奥,15-16,公牛,31,4,10.3,0.556,1.3,2.3,0.0,0.0,0.1,0.714,0.8,1.1,3.3,1.0,2.3,0.8,0.2,0.4,0.4,1.0,3.4,14,17
莱恩-霍林斯,15-16,-1,37,12,12.5,0.62,1.3,2.1,-0.01,0.0,0.0,0.619,0.7,1.1,2.6,1.3,1.4,0.3,0.2,0.6,0.6,1.7,3.4,18,19
菲尔-普莱西,15-16,-1,23,0,12.5,0.385,1.3,3.4,0.222,0.2,0.8,0.52,0.6,1.1,1.3,0.1,1.2,3.3,0.8,0.2,1.4,1.2,3.3,3,20
雷-麦卡勒姆,15-16,-1,41,6,11.5,0.377,1.3,3.6,0.357,0.4,1.0,0.8,0.3,0.4,1.1,0.2,1.0,1.5,0.3,0.2,0.6,0.7,3.3,30,11
雷吉-巴洛克,15-16,活塞,37,0,11.5,0.439,1.2,2.6,0.415,0.6,1.4,0.933,0.4,0.4,1.8,0.4,1.5,0.7,0.3,0.1,0.2,0.8,3.3,22,15
马克-穆斯卡拉,15-16,老鹰,60,0,9.5,0.5,1.3,2.5,0.308,0.2,0.7,0.795,0.5,0.7,2.0,0.6,1.3,0.6,0.2,0.5,0.5,1.2,3.3,34,26
凯文-加内特,15-16,森林狼,38,38,14.7,0.47,1.4,3.0,0.0,0.0,0.0,0.667,0.4,0.6,3.9,0.4,3.6,1.6,0.7,0.3,0.4,1.8,3.2,14,24
杰森-汤普森,15-16,-1,47,7,10.0,0.481,1.1,2.3,0.333,0.1,0.3,0.704,0.8,1.1,2.9,0.7,2.2,0.6,0.3,0.4,0.3,1.7,3.1,38,9
拉沙德-沃恩,15-16,雄鹿,70,6,14.3,0.305,1.2,3.8,0.293,0.6,2.1,0.8,0.2,0.2,1.3,0.2,1.1,0.6,0.4,0.2,0.4,1.0,3.1,30,40
卢克-理查德-巴莫特,15-16,快船,75,61,17.0,0.454,1.3,2.8,0.325,0.2,0.5,0.526,0.4,0.8,2.3,0.8,1.5,0.4,0.6,0.3,0.5,1.3,3.1,49,26
C.J.威尔考克斯,15-16,快船,23,0,7.3,0.394,1.1,2.9,0.391,0.4,1.0,0.75,0.4,0.5,0.5,0.0,0.5,0.4,0.4,0.1,0.1,0.7,3.0,15,8
约翰尼-奥布莱恩特三世,15-16,雄鹿,66,4,13.0,0.411,1.3,3.2,1.0,0.0,0.0,0.675,0.4,0.6,2.7,1.0,1.7,0.5,0.3,0.1,0.5,1.5,3.0,27,39
柯克-辛里奇,15-16,-1,46,7,13.7,0.38,1.1,2.8,0.387,0.5,1.3,0.938,0.3,0.3,1.5,0.2,1.3,1.6,0.3,0.0,0.7,1.4,3.0,26,20
克里斯-约翰逊,15-16,爵士,70,2,12.2,0.371,1.0,2.8,0.273,0.4,1.4,0.81,0.5,0.6,1.9,0.4,1.5,0.6,0.5,0.3,0.6,1.4,2.9,38,32
阿兰-威廉姆斯,15-16,太阳,10,0,6.7,0.417,1.0,2.4,-0.01,0.0,0.0,0.643,0.9,1.4,3.8,1.4,2.4,0.5,0.4,0.5,0.6,1.5,2.9,3,7
泰肖恩-普林斯,15-16,森林狼,77,44,19.0,0.445,1.3,3.0,0.174,0.1,0.3,0.684,0.2,0.2,1.9,0.4,1.5,1.0,0.5,0.2,0.4,0.8,2.9,27,50
詹姆斯-迈克尔-麦卡杜,15-16,勇士,41,1,6.4,0.536,1.1,2.0,0.5,0.0,0.0,0.531,0.6,1.2,1.4,0.7,0.7,0.4,0.2,0.2,0.4,1.0,2.9,37,4
克里斯-卡曼,15-16,开拓者,16,2,7.1,0.465,1.3,2.7,0.25,0.1,0.3,1.0,0.2,0.2,1.5,0.4,1.1,0.7,0.1,0.1,0.5,0.9,2.8,11,5
德鲁-古登,15-16,奇才,30,0,10.1,0.32,1.1,3.4,0.171,0.2,1.4,0.643,0.3,0.5,2.8,0.9,1.9,0.4,0.3,0.4,0.4,1.3,2.7,18,12
贾里德-康宁汉姆,15-16,-1,44,3,9.3,0.343,0.8,2.4,0.308,0.3,0.9,0.655,0.8,1.3,0.9,0.1,0.8,0.5,0.3,0.0,0.5,0.9,2.7,31,13
拉素尔-巴特勒,15-16,马刺,46,0,9.4,0.471,1.1,2.3,0.306,0.3,1.1,0.688,0.2,0.3,1.2,0.1,1.2,0.5,0.3,0.5,0.2,0.2,2.7,41,5
RJ-亨特,15-16,凯尔特,36,0,8.9,0.367,1.0,2.7,0.302,0.5,1.8,0.857,0.2,0.2,1.0,0.1,1.0,0.4,0.4,0.1,0.3,0.8,2.7,21,15
安德森-瓦莱乔,15-16,-1,53,0,9.3,0.427,1.0,2.3,0.0,0.0,0.0,0.64,0.6,0.9,2.7,0.7,2.0,0.7,0.3,0.2,0.4,1.3,2.6,41,12
科斯塔斯-帕帕尼古拉乌,15-16,掘金,26,6,11.3,0.364,0.9,2.5,0.313,0.4,1.2,0.643,0.3,0.5,1.5,0.3,1.2,0.6,0.5,0.2,0.8,0.9,2.6,8,18
阿德里安-佩恩,15-16,森林狼,52,2,9.3,0.366,1.0,2.8,0.281,0.2,0.6,0.654,0.3,0.5,2.1,0.4,1.8,0.6,0.3,0.2,0.7,1.5,2.5,18,34
马特-邦纳,15-16,马刺,30,2,6.9,0.509,1.0,1.9,0.441,0.5,1.1,0.75,0.1,0.1,0.9,0.1,0.8,0.3,0.2,0.0,0.1,0.5,2.5,25,5
索尼-威姆斯,15-16,-1,43,0,11.7,0.382,1.0,2.6,0.366,0.3,1.0,0.533,0.2,0.3,1.2,0.2,1.1,1.1,0.2,0.0,1.0,1.1,2.5,6,37
肯德里克-帕金斯,15-16,鹈鹕,37,5,14.6,0.533,1.1,2.0,-0.01,0.0,0.0,0.44,0.3,0.7,3.5,0.7,2.8,0.8,0.3,0.3,1.1,1.7,2.5,13,24
巴勃罗-普里吉奥尼,15-16,快船,59,3,13.8,0.374,0.9,2.5,0.295,0.5,1.6,0.875,0.1,0.1,1.9,0.6,1.3,2.2,0.9,0.0,0.8,1.4,2.5,37,22
谢尔盖-卡拉舍夫,15-16,篮网,40,5,10.1,0.405,0.8,1.9,0.297,0.3,0.9,0.929,0.7,0.7,1.5,0.2,1.3,0.9,0.2,0.1,0.6,0.7,2.4,9,31
贾雷尔-埃迪,15-16,奇才,26,0,5.6,0.308,0.8,2.5,0.319,0.6,1.8,1.0,0.3,0.3,0.9,0.1,0.8,0.2,0.2,0.0,0.0,0.2,2.4,13,13
K.J. 麦克丹尼尔斯,15-16,火箭,37,1,6.4,0.403,0.8,1.9,0.28,0.2,0.7,0.8,0.6,0.8,1.1,0.4,0.7,0.3,0.2,0.2,0.5,0.8,2.4,17,20
史蒂夫-诺瓦克,15-16,-1,10,0,4.3,0.444,0.8,1.8,0.467,0.7,1.5,1.0,0.1,0.1,0.5,0.0,0.5,0.0,0.0,0.0,0.1,0.3,2.4,8,2
拉玛尔-帕特森,15-16,老鹰,35,0,11.4,0.35,0.8,2.3,0.245,0.3,1.4,0.727,0.5,0.6,1.4,0.1,1.3,1.1,0.3,0.1,0.7,1.3,2.4,23,12
格雷格-史密斯,15-16,森林狼,18,0,10.8,0.563,1.0,1.8,-0.01,0.0,0.0,0.412,0.4,0.9,2.3,0.7,1.7,0.3,0.2,0.1,0.4,1.6,2.4,8,10
杰里米-埃文斯,15-16,独行侠,30,2,8.3,0.542,0.9,1.6,0.25,0.1,0.5,0.714,0.5,0.7,1.8,0.4,1.4,0.1,0.2,0.3,0.2,0.6,2.4,16,14
泰勒-汉斯布鲁,15-16,黄蜂,44,0,7.9,0.451,0.7,1.6,0.667,0.0,0.1,0.585,0.9,1.5,2.0,0.9,1.1,0.2,0.3,0.2,0.3,1.3,2.4,28,16
沃尔特-塔瓦雷斯,15-16,老鹰,11,0,6.3,0.579,1.0,1.7,-0.01,0.0,0.0,0.375,0.3,0.7,1.9,0.6,1.3,0.3,0.1,0.5,0.5,0.7,2.3,7,4
达米扬-鲁德兹,15-16,森林狼,33,0,8.4,0.403,0.8,1.9,0.34,0.5,1.5,1.0,0.2,0.2,0.6,0.2,0.5,0.3,0.1,0.0,0.4,1.0,2.3,9,24
卢卡斯-诺奎拉,15-16,猛龙,29,1,7.8,0.636,1.0,1.5,0.333,0.0,0.1,0.533,0.3,0.5,1.6,0.6,1.0,0.2,0.4,0.4,0.4,1.0,2.2,17,12
戴文-马布尔,15-16,魔术,28,0,8.9,0.296,0.8,2.5,0.25,0.3,1.1,0.417,0.4,0.9,1.4,0.2,1.1,0.4,0.5,0.0,0.3,0.9,2.1,12,16
德胡安-布莱尔,15-16,奇才,29,0,7.5,0.412,1.0,2.3,0.0,0.0,0.0,0.385,0.2,0.4,2.0,0.7,1.3,0.4,0.3,0.1,0.5,1.8,2.1,12,17
尼克-科里森,15-16,雷霆,59,4,11.9,0.459,0.8,1.8,0.0,0.0,0.0,0.697,0.4,0.6,2.9,1.2,1.7,0.9,0.3,0.3,0.8,1.8,2.1,39,20
克里斯-科普兰,15-16,雄鹿,24,1,6.6,0.333,0.7,2.1,0.278,0.4,1.5,0.857,0.3,0.3,0.4,0.0,0.4,0.5,0.1,0.0,0.3,0.7,2.1,10,14
蒂博尔-佩莱斯,15-16,爵士,12,0,6.8,0.44,0.9,2.1,0.0,0.0,0.2,1.0,0.2,0.2,1.3,0.5,0.8,0.2,0.1,0.2,0.7,1.6,2.0,7,5
卡梅隆-巴尔斯托,15-16,公牛,18,2,5.7,0.325,0.7,2.2,0.2,0.1,0.3,0.875,0.4,0.4,1.6,0.2,1.3,0.3,0.1,0.2,0.2,1.1,1.9,4,14
特里-罗齐尔,15-16,凯尔特,39,0,7.9,0.274,0.7,2.7,0.222,0.2,0.7,0.8,0.2,0.3,1.6,0.6,1.0,0.9,0.2,0.0,0.5,0.6,1.8,24,15
豪尔赫-古铁雷兹,15-16,黄蜂,12,0,5.3,0.545,0.5,0.9,0.0,0.0,0.2,0.909,0.8,0.9,0.6,0.0,0.6,1.4,0.3,0.0,0.5,0.3,1.8,9,3
科林恩索尼-厄利,15-16,尼克斯,17,2,8.9,0.3,0.7,2.4,0.267,0.2,0.9,0.75,0.2,0.2,1.5,0.2,1.3,0.4,0.1,0.2,0.5,0.9,1.8,6,11
伊利亚-米尔萨普,15-16,爵士,20,0,8.7,0.282,0.6,2.0,0.083,0.1,0.6,0.722,0.7,0.9,1.8,0.3,1.5,1.0,0.4,0.2,0.5,1.7,1.8,9,11
达米恩-英格里斯,15-16,雄鹿,20,1,8.0,0.351,0.7,1.9,0.231,0.2,0.7,0.875,0.4,0.4,1.6,0.1,1.5,0.5,0.3,0.2,0.6,0.6,1.8,5,15
路易斯-阿蒙德森,15-16,尼克斯,29,0,7.0,0.358,0.7,1.8,-0.01,0.0,0.0,0.519,0.5,0.9,1.7,0.8,0.9,0.4,0.2,0.2,0.5,1.5,1.8,11,18
杰夫-艾尔斯,15-16,快船,17,0,6.2,0.522,0.7,1.4,0.0,0.0,0.1,1.0,0.4,0.4,1.3,0.2,1.1,0.3,0.0,0.2,0.4,1.1,1.8,11,6
乌杜尼斯-哈斯勒姆,15-16,热火,37,0,7.0,0.377,0.6,1.6,0.111,0.0,0.2,0.75,0.3,0.4,2.0,0.3,1.8,0.4,0.1,0.1,0.1,0.7,1.6,25,12
拉斯-史密斯,15-16,灰熊,15,0,4.3,0.318,0.5,1.5,0.2,0.1,0.3,0.615,0.5,0.9,0.6,0.1,0.5,0.7,0.3,0.1,0.5,0.3,1.5,6,9
安东尼-本内特,15-16,猛龙,19,0,4.5,0.296,0.4,1.4,0.214,0.2,0.7,0.9,0.5,0.5,1.2,0.3,0.9,0.0,0.3,0.0,0.2,0.4,1.5,12,7
迈克-米勒,15-16,掘金,47,2,7.9,0.355,0.5,1.3,0.365,0.4,1.1,-0.01,0.0,0.0,1.1,0.1,1.0,0.9,0.3,0.1,0.4,1.1,1.3,21,26
乔丹-米基,15-16,凯尔特,16,0,3.6,0.364,0.5,1.4,-0.01,0.0,0.0,0.5,0.3,0.6,0.8,0.4,0.4,0.1,0.0,0.7,0.1,0.3,1.3,9,7
米奇-麦加里,15-16,雷霆,20,0,3.6,0.478,0.6,1.2,0.0,0.0,0.2,0.4,0.2,0.5,0.9,0.2,0.7,0.2,0.1,0.1,0.4,0.5,1.3,17,3
路易斯-蒙特罗,15-16,开拓者,12,0,3.5,0.263,0.4,1.6,0.111,0.1,0.8,0.75,0.3,0.3,0.3,0.0,0.3,0.1,0.0,0.0,0.3,0.1,1.2,6,6
帕特-康诺顿,15-16,开拓者,34,0,4.3,0.265,0.4,1.4,0.238,0.1,0.6,1.0,0.1,0.1,0.9,0.3,0.6,0.3,0.1,0.0,0.3,0.2,1.1,17,17
詹姆斯-杨,15-16,凯尔特,29,0,6.9,0.306,0.4,1.2,0.231,0.2,0.9,0.25,0.0,0.1,0.9,0.1,0.8,0.3,0.2,0.0,0.2,0.6,1.0,12,17
乔尔-安东尼,15-16,活塞,19,0,5.0,0.6,0.3,0.5,-0.01,0.0,0.0,0.75,0.3,0.4,1.1,0.4,0.7,0.1,0.1,0.6,0.1,0.8,0.9,12,7
萨沙-考恩,15-16,骑士,25,0,3.8,0.529,0.4,0.7,-0.01,0.0,0.0,0.455,0.2,0.4,1.0,0.5,0.6,0.1,0.2,0.2,0.3,0.4,0.9,18,7
阿隆-哈里森,15-16,黄蜂,21,0,4.6,0.263,0.2,0.9,0.3,0.1,0.5,0.417,0.2,0.6,0.7,0.2,0.5,0.1,0.3,0.0,0.2,0.5,0.9,15,6
